{
"type": "FeatureCollection",
"name": "cb_2018_us_state_20m",
"crs": { "type": "name", "properties": { "name": "urn:ogc:def:crs:OGC:1.3:CRS84" } },
"features": [
{"type":"Feature","properties":{"STATEFP":"24","STATENS":"01714934","AFFGEOID":"0400000US24","GEOID":"24","STUSPS":"MD","NAME":"Maryland","LSAD":"00","ALAND":25151100280,"AWATER":6979966958},"geometry":{"type":"MultiPolygon","coordinates":[[[[-76.046208162966082,38.025532743888135],[-76.007332029252808,38.03670579078976],[-75.980083815265786,38.004890762371204],[-75.984641512152649,37.938121084923644],[-76.046523934989054,37.953585978292104],[-76.046208162966082,38.025532743888135]]],[[[-79.486872400193008,39.205960562803035],[-79.476661829841333,39.721076580332472],[-75.788594292281118,39.722200414973877],[-75.693715064081147,38.460129423317781],[-75.048932712512638,38.451267673958853],[-75.085510338479452,38.324274366964943],[-75.242256177042876,38.027210553300883],[-75.624332484507988,37.994211331976338],[-75.669702195375251,37.950796307009568],[-75.783807762454273,37.97259421712738],[-75.892678539860952,37.916848147576175],[-75.89895002581477,37.974514007604128],[-75.857500472377936,38.038778008789933],[-75.86380364910319,38.100968127378003],[-75.937083343934148,38.124209062593621],[-75.942369395691742,38.187066179733478],[-75.864097826247814,38.200858332244117],[-75.888507053793163,38.241423375838842],[-76.038929845280109,38.254932190255779],[-76.005898976904547,38.077169870296231],[-76.095543156899112,38.12512289750147],[-76.0886340330688,38.192649028843555],[-76.257662368371683,38.324855160941368],[-76.249995384591372,38.36230425056273],[-76.336355714465185,38.492235444987763],[-76.277456632705039,38.541851616934345],[-76.279584721121651,38.609520759380224],[-76.165430550421902,38.610200828636245],[-76.1751546761935,38.673236929705958],[-76.200329692230696,38.670774929041663],[-76.238720780307432,38.712846023795663],[-76.347993962453032,38.686234817065525],[-76.340538997431906,38.730338916872753],[-76.390346143272112,38.757004881494069],[-76.379735214292921,38.788314945989868],[-76.310077111393127,38.796847071698764],[-76.271571231350265,38.851772204527606],[-76.219324054051071,38.812372182597862],[-76.191086116537676,38.829661207433624],[-76.203634482691584,38.92838336985578],[-76.31794349807349,38.911313215527855],[-76.334015356683722,38.86023912149426],[-76.37619839241475,38.850462043628802],[-76.361723639402427,38.939176194340305],[-76.301843881296406,39.03965238765376],[-76.231761780982424,39.018519468227332],[-76.233453962447769,39.09138654685448],[-76.278524160715875,39.145765507983427],[-76.159670468770017,39.335910922946354],[-76.006877763908506,39.414529035930308],[-76.012310143474139,39.453116864623162],[-76.06092914061999,39.45220982650396],[-76.146370859164037,39.405311837290817],[-76.425278380771246,39.20570929725416],[-76.498381404685347,39.204809167003823],[-76.525782340272443,39.177909110960684],[-76.428678202321436,39.131710258234349],[-76.420390978371856,39.042071229480996],[-76.394076880966324,39.011312248516447],[-76.471277810000302,38.956513074663434],[-76.450276747080338,38.941114077519117],[-76.51694057125782,38.851157845066886],[-76.489874543816128,38.838715850762249],[-76.558739257741919,38.756352712895165],[-76.526651281844281,38.724430649131861],[-76.517502151736423,38.5391493319392],[-76.492695080921152,38.482849255496184],[-76.393373765375756,38.389477180326459],[-76.402889724755383,38.311402019836002],[-76.374476639808648,38.296348011535663],[-76.392663668890549,38.239662883607082],[-76.320131702422273,38.13833873133099],[-76.322088928145476,38.036502525084586],[-76.43042100378392,38.119382566793419],[-76.481032129782207,38.115872499499716],[-76.540376298247935,38.152990628204812],[-76.590633379404295,38.214211765754101],[-76.864289124937088,38.268944882615969],[-76.97548908077988,38.347326981951454],[-77.016367873496094,38.445571974547128],[-77.211186308031046,38.380661970514936],[-77.259960690675499,38.435820865565091],[-77.246582555257262,38.5383407505904],[-77.183764851537092,38.600698805477947],[-77.129081412343155,38.614363859286925],[-77.132498300393053,38.673815854513713],[-77.053195736017756,38.709914939204396],[-77.039002708307592,38.791645010151797],[-76.909389729092453,38.892852337324655],[-77.041015211440254,38.995548272019519],[-77.119756178099237,38.934343169878822],[-77.146598219518864,38.964210214691782],[-77.249800253473865,38.985909246476794],[-77.248400224789833,39.026909247653983],[-77.462614692143319,39.076248352669715],[-77.519926854040705,39.12092534275066],[-77.521219845886336,39.161057301026183],[-77.459880706023384,39.218682154253045],[-77.588232746623248,39.301955339419564],[-77.719516777817333,39.321314673175955],[-77.74592769890404,39.353221649628473],[-77.740009553128459,39.40169448862099],[-77.823759480388944,39.52590715381028],[-77.829811468124859,39.587288173714285],[-78.006732090996692,39.601337071897611],[-78.082258307183878,39.671166018036942],[-78.382957654048056,39.622245662299207],[-78.460949542516232,39.525986651945765],[-78.590652326753442,39.530191412940198],[-78.707096132514707,39.555856158320921],[-78.771138358835998,39.638386104868815],[-78.942615974057787,39.479612717979869],[-78.956749162248443,39.440262781033333],[-79.091327056166762,39.47240555023189],[-79.28372169370418,39.309638888140476],[-79.486872400193008,39.205960562803035]]]]}},
{"type":"Feature","properties":{"STATEFP":"19","STATENS":"01779785","AFFGEOID":"0400000US19","GEOID":"19","STUSPS":"IA","NAME":"Iowa","LSAD":"00","ALAND":144661267977,"AWATER":1084180812},"geometry":{"type":"Polygon","coordinates":[[[-96.621876833450116,42.779253920148648],[-96.500310355714475,42.959389915658839],[-96.520248483611795,42.977641909489726],[-96.492695575803126,43.005087925130958],[-96.511607720498134,43.03992594398013],[-96.45820377031086,43.067553060148931],[-96.439337918322252,43.113915145491752],[-96.475574323590877,43.221053182106914],[-96.522087360498944,43.220959114212917],[-96.578826767010966,43.29109411174997],[-96.530395754704955,43.300033161421467],[-96.52157622316129,43.385639215734464],[-96.594258760303902,43.434152194189316],[-96.598933231699192,43.500456235891676],[-91.217705608780321,43.500551679333235],[-91.232275790571549,43.450953782880433],[-91.199407984314604,43.403033869189727],[-91.207367095226758,43.373660931063824],[-91.107237098213474,43.313646976568577],[-91.057910020453704,43.253970026452386],[-91.17525330510631,43.134667324415879],[-91.138000516656291,42.903774605243676],[-91.098820699074963,42.864423523998227],[-91.070717131706729,42.775504464631183],[-90.941569799994596,42.683845145641534],[-90.700857088062364,42.626446394453133],[-90.642844096868373,42.508481892209986],[-90.646728088287531,42.471904631465527],[-90.446319825333816,42.357040816770592],[-90.400652840571169,42.239291689581805],[-90.161157976570863,42.106370035179253],[-90.140612100873255,41.995996678424298],[-90.180641811425758,41.811977178433281],[-90.310706189896464,41.742212352054686],[-90.339525526148918,41.598631691494418],[-90.364125419651344,41.579631753303588],[-90.461429203294173,41.523531981943449],[-90.571133202341827,41.516331158352834],[-90.701156333837304,41.454742347343682],[-91.027785111116344,41.423603197407843],[-91.114184902329512,41.250029533537578],[-90.957245475722175,41.11108446615016],[-90.952232834903938,40.954045824973804],[-91.092992065072437,40.821077784152884],[-91.120819052705684,40.67277546954498],[-91.186979055306111,40.637295304272989],[-91.339717860854932,40.613485860334684],[-91.37425101338728,40.582587602130658],[-91.394474355893948,40.534540349915645],[-91.367875594379981,40.510476303538361],[-91.372920780517831,40.399105188333706],[-91.419421713637391,40.378261150608239],[-91.498092545522212,40.401923095323568],[-91.608346036535437,40.50003672705089],[-91.618997679311235,40.539080785144805],[-91.670991398496128,40.550933665757547],[-91.729112753166547,40.613636654554249],[-94.091083204274497,40.572896922229475],[-95.765646382230841,40.58520600359779],[-95.748627374672395,40.603352960674968],[-95.781910314128481,40.653269900730592],[-95.846035199447243,40.682602889176628],[-95.888698061401016,40.736289857494221],[-95.834157101383269,40.783013781548377],[-95.841310014144582,40.845601754922264],[-95.81071001216516,40.886678720250494],[-95.837774924909425,40.924709713311287],[-95.8283298804824,40.972375687574896],[-95.865878713236896,41.017400684904501],[-95.856787867584572,41.187095742275829],[-95.909689985575397,41.184395746753083],[-95.890151639930778,41.27830583274649],[-95.925689731923356,41.32219494289798],[-95.922528656113727,41.455764260089992],[-95.982961862473118,41.469776325318136],[-96.005078878663582,41.544002505868811],[-96.080492785357976,41.52819737305051],[-96.118104781049723,41.613493506992711],[-96.064536892208011,41.793000994613905],[-96.159098207869874,41.910056178067158],[-96.132537307537689,41.974624386467582],[-96.27287743629671,42.047237338101787],[-96.268900416998505,42.113589373854374],[-96.347752277078897,42.166805350134823],[-96.336003231288458,42.264805398385796],[-96.407998129809016,42.337407275112788],[-96.41180812372275,42.410893186296157],[-96.381307007533991,42.461693183229556],[-96.492970538934628,42.51728092069974],[-96.476952605404762,42.556077966228791],[-96.526767032274279,42.641182923200944],[-96.624705634898291,42.725495907002305],[-96.621876833450116,42.779253920148648]]]}},
{"type":"Feature","properties":{"STATEFP":"10","STATENS":"01779781","AFFGEOID":"0400000US10","GEOID":"10","STUSPS":"DE","NAME":"Delaware","LSAD":"00","ALAND":5045925646,"AWATER":1399985648},"geometry":{"type":"Polygon","coordinates":[[[-75.773784285893868,39.722201428004809],[-75.662844398659558,39.821426295122919],[-75.570431153311361,39.839186028424351],[-75.415060245977912,39.801920321206346],[-75.559443934659271,39.629813867117328],[-75.512729806688142,39.578001833677966],[-75.528085755435498,39.498116306378272],[-75.59306594433194,39.479188920405889],[-75.408373738275515,39.264700413434568],[-75.396275043411848,39.057886383028894],[-75.340888296292491,39.019962317139893],[-75.304076296874413,38.913162515137905],[-75.159019291742624,38.790196219182384],[-75.089470592914608,38.797201357039427],[-75.048932712512638,38.451267673958853],[-75.693715064081147,38.460129423317781],[-75.773784285893868,39.722201428004809]]]}},
{"type":"Feature","properties":{"STATEFP":"39","STATENS":"01085497","AFFGEOID":"0400000US39","GEOID":"39","STUSPS":"OH","NAME":"Ohio","LSAD":"00","ALAND":105828882568,"AWATER":10268850702},"geometry":{"type":"MultiPolygon","coordinates":[[[[-82.863336683442483,41.693691447070798],[-82.825714427160449,41.722808078031107],[-82.782713790179614,41.694001412984761],[-82.788871384550959,41.643046101768974],[-82.842094367142678,41.628322199409624],[-82.863336683442483,41.693691447070798]]],[[[-84.820154633386252,39.105479516211844],[-84.806077992014949,41.696088510613862],[-83.453827000851049,41.732643359921703],[-83.40952584925823,41.691244002287206],[-83.326819513345171,41.701558909293233],[-83.231654096659994,41.644216374200965],[-83.066587675255505,41.595339209906939],[-82.934364817658675,41.514352986249769],[-82.834096814958457,41.587586699547394],[-82.717874910194979,41.541930577631618],[-82.616949249718331,41.42842504800084],[-82.460596299011513,41.386315180513442],[-81.994563730179763,41.514437276165189],[-81.93786080997603,41.491440301827069],[-81.738754142873631,41.488547461584751],[-81.286923716758622,41.760240517373163],[-80.519424686807525,41.977522556577647],[-80.518989199380911,40.638799565649364],[-80.627169201370506,40.619934482055498],[-80.667955127187327,40.58249441924346],[-80.62219302463788,40.520495370846824],[-80.604893005293121,40.446665330519671],[-80.631594008237997,40.385466274046777],[-80.606594054989458,40.303867253395978],[-80.736801813580385,40.080069690506512],[-80.740123825112974,39.970790571140164],[-80.803391894675826,39.918759579162682],[-80.824966955461093,39.801089892787367],[-80.86993093185626,39.763552992140546],[-80.82976194403075,39.711837118038943],[-81.128530788539706,39.449373494095518],[-81.347564938814585,39.345768695668632],[-81.393791931439608,39.351704752587892],[-81.412703832416923,39.394616772077832],[-81.456140783731769,39.409272828569684],[-81.559644904393053,39.33077300677283],[-81.565244992029633,39.276174023446927],[-81.67832869280204,39.273754265141669],[-81.752751755647736,39.184675249472861],[-81.742951087020913,39.106577029470742],[-81.807853384299364,39.08397691520814],[-81.775732587126228,38.980735662901083],[-81.827352648615815,38.94589651086936],[-81.898468753581042,38.929601380645529],[-81.941828083246904,38.993293428040801],[-82.007061187677223,39.029576466612717],[-82.041562113697253,39.017876375458926],[-82.134764565998807,38.90557697787812],[-82.161568310132239,38.82462974794953],[-82.209288222699854,38.802669591511901],[-82.17516541446426,38.608481771566773],[-82.274268564505306,38.593680791540855],[-82.323997848136401,38.449266052892263],[-82.560662981606797,38.404336152413009],[-82.59367198695017,38.421807195451173],[-82.618472986702784,38.477087258615121],[-82.724844936816112,38.557598253015158],[-82.800110931434887,38.563181217482509],[-82.851312851796749,38.604332152682595],[-82.889191667824349,38.756074073318672],[-83.011814837457536,38.730055051267101],[-83.172645670820216,38.620250068310206],[-83.239513594209228,38.628586076431574],[-83.286512546402776,38.599239089114597],[-83.376300486323828,38.661471135971645],[-83.533337513314308,38.702103124727984],[-83.626920689554694,38.679384922307662],[-83.642992584744832,38.643270954836417],[-83.679482575418916,38.630033929131315],[-83.772158693502234,38.658147755940682],[-83.783618816701619,38.695638642244226],[-83.834013515006234,38.716005651309132],[-83.852083459588272,38.751430581777612],[-83.978811122410903,38.787101881218661],[-84.051638991690552,38.771395002216963],[-84.212900827494238,38.805705430579216],[-84.232128720651289,38.880481625538025],[-84.326535836186295,39.027461996983845],[-84.400937022573459,39.046361054416764],[-84.462039178032498,39.121759037274458],[-84.607925403012089,39.073237150512639],[-84.750746459520158,39.147357085157289],[-84.820154633386252,39.105479516211844]]]]}},
{"type":"Feature","properties":{"STATEFP":"42","STATENS":"01779798","AFFGEOID":"0400000US42","GEOID":"42","STUSPS":"PA","NAME":"Pennsylvania","LSAD":"00","ALAND":115884442321,"AWATER":3394589990},"geometry":{"type":"Polygon","coordinates":[[[-80.519339875304439,39.721401450207495],[-80.519424686807525,41.977522556577647],[-80.154084577690227,42.114756208992084],[-80.08851284657861,42.173183428158254],[-80.020324026493654,42.163115331022986],[-79.761954193198591,42.269857695664577],[-79.761314104608303,41.998807144767909],[-75.341124172069044,41.992770584597231],[-75.263004379418675,41.885108045594855],[-75.113368515334813,41.840697110214428],[-75.074411577189906,41.802190144524644],[-75.043879706755519,41.575094082420954],[-74.982463579771078,41.496467041650774],[-74.73489295548238,41.425817479976828],[-74.694913973837743,41.357422495646496],[-74.815703021675915,41.296150721547924],[-74.905255874427993,41.155667955431888],[-75.133085932556227,40.980179263089958],[-75.065437547818846,40.885682243039497],[-75.108504095801862,40.791094366564245],[-75.177475716980652,40.764225586781556],[-75.192610603461262,40.715874661863332],[-75.186735751390657,40.56940668027972],[-75.136746827759097,40.575731550580599],[-75.078501904086451,40.548296417585995],[-75.056100857960416,40.416066424321436],[-74.969595922354344,40.399770273381478],[-74.721603604765107,40.153810567332705],[-74.825906378600706,40.123910657202721],[-74.863808301448216,40.082210758230175],[-74.932209991478416,40.068411747739283],[-75.119218446295676,39.965413346444279],[-75.133418602682511,39.896214598683031],[-75.341763302133543,39.846083512478813],[-75.415060245977912,39.801920321206346],[-75.570431153311361,39.839186028424351],[-75.662844398659558,39.821426295122919],[-75.773784285893868,39.722201428004809],[-80.519339875304439,39.721401450207495]]]}},
{"type":"Feature","properties":{"STATEFP":"31","STATENS":"01779792","AFFGEOID":"0400000US31","GEOID":"31","STUSPS":"NE","NAME":"Nebraska","LSAD":"00","ALAND":198956658395,"AWATER":1371829134},"geometry":{"type":"Polygon","coordinates":[[[-104.053249275806351,41.001407714535851],[-104.053131841959882,43.000590854301038],[-98.498548031197871,42.998556997507698],[-98.434501511061541,42.92922404747646],[-98.148059878871493,42.840009986529608],[-98.035034153582231,42.764202302344302],[-97.950147435644169,42.769616323747123],[-97.857957961620173,42.865090056968462],[-97.701031368018405,42.843794417611406],[-97.302077531638332,42.865657931918811],[-97.237870634530196,42.853137010676647],[-97.13133339015323,42.771927293706781],[-97.024852332665375,42.762428552132938],[-96.965681196425351,42.72453062484518],[-96.906799190395702,42.733798695046715],[-96.801653998401392,42.698772769956598],[-96.778183842847525,42.662991761540695],[-96.697640623765608,42.659141826471767],[-96.70930145380639,42.603751772239931],[-96.611489824217912,42.506086790426657],[-96.525142612963577,42.510232878928164],[-96.501321483815246,42.482747929210738],[-96.445508260670451,42.490629026557599],[-96.381307007533991,42.461693183229556],[-96.41180812372275,42.410893186296157],[-96.407998129809016,42.337407275112788],[-96.336003231288458,42.264805398385796],[-96.347752277078897,42.166805350134823],[-96.268900416998505,42.113589373854374],[-96.27287743629671,42.047237338101787],[-96.132537307537689,41.974624386467582],[-96.159098207869874,41.910056178067158],[-96.064536892208011,41.793000994613905],[-96.118104781049723,41.613493506992711],[-96.080492785357976,41.52819737305051],[-96.005078878663582,41.544002505868811],[-95.982961862473118,41.469776325318136],[-95.922528656113727,41.455764260089992],[-95.925689731923356,41.32219494289798],[-95.890151639930778,41.27830583274649],[-95.909689985575397,41.184395746753083],[-95.856787867584572,41.187095742275829],[-95.865878713236896,41.017400684904501],[-95.8283298804824,40.972375687574896],[-95.837774924909425,40.924709713311287],[-95.81071001216516,40.886678720250494],[-95.841310014144582,40.845601754922264],[-95.834157101383269,40.783013781548377],[-95.888698061401016,40.736289857494221],[-95.748627374672395,40.603352960674968],[-95.757111427965839,40.52598810048832],[-95.714292291159012,40.527205957525226],[-95.694727288201122,40.493600020138132],[-95.64102813854511,40.366397061069236],[-95.653730194087387,40.32258017738485],[-95.472549094037689,40.23607644117736],[-95.4810209861066,40.188522414577207],[-95.394216813305249,40.108261653996635],[-95.414734723190179,40.069818595922662],[-95.382957624138356,40.027110689541978],[-95.308290607337554,39.999996895626794],[-102.051744218550922,40.003077913224161],[-102.05161325402203,41.00237706803064],[-104.053249275806351,41.001407714535851]]]}},
{"type":"Feature","properties":{"STATEFP":"53","STATENS":"01779804","AFFGEOID":"0400000US53","GEOID":"53","STUSPS":"WA","NAME":"Washington","LSAD":"00","ALAND":172112588220,"AWATER":12559278850},"geometry":{"type":"MultiPolygon","coordinates":[[[[-123.237148076257711,48.683465960417379],[-123.070426779815662,48.699970763553189],[-123.019698755504848,48.721311725499255],[-122.979519261169074,48.781701796672827],[-122.937925830049153,48.790314839556586],[-122.818436375950711,48.744628774696025],[-122.743048960580168,48.66199066259604],[-122.799009518503325,48.60468258460223],[-122.771205257541354,48.562425526927782],[-122.779122886778012,48.508910450911898],[-122.817910860168979,48.483887476766697],[-122.803519934993375,48.42874760323582],[-122.874133974376363,48.418195635477858],[-123.141477360809262,48.505290721147276],[-123.237148076257711,48.683465960417379]]],[[[-124.725838297686394,48.386012094170781],[-124.653242339017368,48.390691053964161],[-124.380872919702668,48.28469906860871],[-124.101771674121409,48.216883060498638],[-124.050732560652193,48.177747142174816],[-123.672443738153063,48.162715178849105],[-123.314576428519942,48.113725446024915],[-123.239127541328372,48.118217436669703],[-123.144781856224355,48.175943318781421],[-123.004126342576384,48.090516381645436],[-122.760446886599397,48.143240149613362],[-122.698463869968393,48.103102129491262],[-122.7012926317134,47.972979405679872],[-122.651061707321674,47.920985568399104],[-122.546823002574158,47.967215474241712],[-122.542923041431251,47.996404365717702],[-122.607340921052071,48.030992245493188],[-122.598300022771838,48.110615970384096],[-122.633166047335791,48.163280865546426],[-122.711507045442758,48.193572977394396],[-122.75256215378127,48.26006097806804],[-122.665336707959824,48.416452465281616],[-122.689119628132246,48.476848406226623],[-122.65030562724445,48.530155361589308],[-122.642595999195308,48.588338430267044],[-122.710177242884626,48.722236703604047],[-122.732511722117749,48.838097133820249],[-122.79402497043688,48.883130277462577],[-122.821639662123303,48.941369429229319],[-122.758034626069431,49.002357811128022],[-117.032352700533863,48.9991859952599],[-117.035546391272973,46.410010314542177],[-117.062749257085201,46.353622308363526],[-116.997261010004195,46.303149368519719],[-116.96437984356416,46.253280418007094],[-116.962966784278152,46.19967852127607],[-116.923958751607742,46.170918636703632],[-116.981962676341894,46.084913716473707],[-116.942656645589295,46.060998835584989],[-116.915989582314907,45.995412024553353],[-118.987130719780851,45.999853300342828],[-119.126121573557057,45.93285724849887],[-119.257151523597258,45.939924110645869],[-119.487830534901448,45.906304959922558],[-119.600550824809758,45.919578793673452],[-119.669878883836233,45.856864762770371],[-119.965746305935866,45.824362439040073],[-120.14135426395049,45.773149322190463],[-120.210756227309446,45.725948280874782],[-120.505864860598265,45.700045023615161],[-120.591167823943138,45.74654395445782],[-120.63496978332266,45.745843943055],[-120.895576501980585,45.642941540101383],[-121.084934506701686,45.647889295755014],[-121.183842485164476,45.606437283059982],[-121.215780613961655,45.671234238654684],[-121.533105401737757,45.726536971892081],[-121.867165101242406,45.69327378089352],[-122.003688469521165,45.615926472019737],[-122.26262299526185,45.544317313330595],[-122.643906297855693,45.609733863469927],[-122.77451092387345,45.680431433164422],[-122.761451304782895,45.759157479760766],[-122.795605426792093,45.80999465976825],[-122.785026466599405,45.86769384101386],[-122.813998681245508,45.960979151436192],[-122.904119684819847,46.083729098976093],[-123.115904964552044,46.185263591950829],[-123.166415149886859,46.188968747081489],[-123.28016771663323,46.144838764151359],[-123.371435032926996,46.146367805389403],[-123.430849148316696,46.181823012381948],[-123.427631011497041,46.229344259985673],[-123.479646113834036,46.269127674850573],[-123.66950444083362,46.266829165409014],[-123.700767653025707,46.30527567712204],[-123.759564226301237,46.275070503913852],[-123.806144129831409,46.283585676359422],[-123.875531728650515,46.239784358466785],[-123.969435210617178,46.291396061460055],[-124.080679879290855,46.267236648500578],[-124.057029683276042,46.493337703408059],[-124.069587291884019,46.630651451102722],[-123.960645821067629,46.636364486312303],[-123.923272044741282,46.672708664416426],[-123.975160161575914,46.713971867443057],[-124.08098624417164,46.735004024889029],[-124.138226148507954,46.905535892349349],[-124.180111881565324,46.926359085673873],[-124.18854282250922,47.157861705517881],[-124.236346967990812,47.28728998621672],[-124.31937604578556,47.355561959221539],[-124.355951213204051,47.54570075787646],[-124.412102419060076,47.691201276311062],[-124.53992297031526,47.836968584641816],[-124.625508178524029,47.887964033498996],[-124.67242355151815,47.964414555593542],[-124.687098563592315,48.098657292884816],[-124.721723108518276,48.153185182337594],[-124.669263972080785,48.296353147611988],[-124.725838297686394,48.386012094170781]]]]}},
{"type":"Feature","properties":{"STATEFP":"01","STATENS":"01779775","AFFGEOID":"0400000US01","GEOID":"01","STUSPS":"AL","NAME":"Alabama","LSAD":"00","ALAND":131174048583,"AWATER":4593327154},"geometry":{"type":"Polygon","coordinates":[[[-88.468661686693338,31.893853173992373],[-88.09788831425054,34.892199834746584],[-88.154617353799438,34.922389739326803],[-88.202959310069161,35.008027943315049],[-85.605165015773323,34.984678002209996],[-85.184400854547903,32.861315737951742],[-85.114250574821369,32.730445848312094],[-85.069848121656648,32.583145098690871],[-85.007099847029295,32.523867178985526],[-84.97183108591824,32.442842265387767],[-85.008096706311932,32.336676245991065],[-84.891841684989387,32.263397475680918],[-85.058750911560111,32.136016827868254],[-85.067831671677425,31.967356408257078],[-85.141833116958125,31.839259394434574],[-85.125531498776894,31.6949634932744],[-85.058170080142148,31.620225673504148],[-85.041881720278624,31.544682606708125],[-85.092487193771206,31.36287940228733],[-85.107515884614941,31.186449413293829],[-85.035614985867753,31.10819045722663],[-85.002498776059937,31.000680406185577],[-87.598935709589554,30.997416076080423],[-87.592062755784966,30.951454125692347],[-87.634941767778258,30.86585116392876],[-87.523619950118217,30.738279392298576],[-87.400187993922586,30.657195559072218],[-87.444721147887478,30.507478620020301],[-87.414684139420999,30.457283640590379],[-87.36660019223612,30.436637678028294],[-87.431783031519274,30.403187625848862],[-87.452280902514914,30.344091598561945],[-87.518322658437626,30.280429489643694],[-87.818865519364621,30.228307760518867],[-87.89319987384539,30.239230380380402],[-87.806464440902516,30.279791831342123],[-87.796715450863175,30.324191906605634],[-87.933353789503784,30.487350768860214],[-87.901709710317689,30.550872945097073],[-87.931068609305356,30.652688129643575],[-88.008394529356735,30.684950228248614],[-88.061996762279009,30.644885157091977],[-88.136172702702481,30.320722283436226],[-88.257764144151849,30.318926517532617],[-88.311608294732125,30.368901979306976],[-88.364022482299703,30.388000374757059],[-88.395023744236497,30.369419546628919],[-88.468661686693338,31.893853173992373]]]}},
{"type":"Feature","properties":{"STATEFP":"05","STATENS":"00068085","AFFGEOID":"0400000US05","GEOID":"05","STUSPS":"AR","NAME":"Arkansas","LSAD":"00","ALAND":134768872727,"AWATER":2962859592},"geometry":{"type":"Polygon","coordinates":[[[-94.617918343291279,36.499410161331262],[-90.153871116562073,36.495344263064368],[-90.131038142716889,36.415069265821948],[-90.066136168760778,36.386272121877489],[-90.063980191484944,36.303038114203012],[-90.15592817053286,36.214074436585037],[-90.220425143290129,36.184764694092436],[-90.235585129251589,36.139474784026163],[-90.294492088193934,36.112949991531302],[-90.368717737126858,35.995808745652987],[-89.733095000891709,36.000604987355786],[-89.647270001414,35.894917823164832],[-89.722633995859439,35.873715912911706],[-89.723425993011503,35.809380374039776],[-89.8638739935422,35.747591365113387],[-89.915490998824509,35.754916588438881],[-89.956588989705878,35.695485794532026],[-89.876547987026896,35.626652432708582],[-89.932499979278958,35.607864682742402],[-89.958497966007272,35.541702794551988],[-90.037614947037937,35.550329129617943],[-90.045804931735944,35.496533146442509],[-90.022063918599216,35.457374984161817],[-90.045305894916538,35.415434992663222],[-90.112503890976441,35.410153215209341],[-90.087902877476182,35.363270030337191],[-90.166593888201689,35.274588049541265],[-90.097946849210004,35.24998281420519],[-90.090610118535821,35.1182859002746],[-90.160058148932791,35.128828973019161],[-90.197146351973203,35.050729272192193],[-90.30069732494718,35.02879136410224],[-90.309297368637033,34.995692170374035],[-90.24447589766686,34.937593211244192],[-90.250094880224779,34.907317211215187],[-90.40163289821264,34.835302267147298],[-90.463794925255584,34.834920291421611],[-90.587224048276184,34.615729699996429],[-90.549243921931648,34.568098773580381],[-90.583717006328058,34.45882682174684],[-90.575336076892654,34.41514975345504],[-90.641398251435717,34.383866692850852],[-90.660404366668644,34.335757624621465],[-90.729131430396535,34.364203657979388],[-90.765174539653529,34.3428156428634],[-90.752681581001255,34.289263578204611],[-90.812829776654098,34.279435619672668],[-90.8399819070886,34.236111620115672],[-90.894561064605838,34.224377672549124],[-90.882702021223366,34.184361657282082],[-90.938065138277764,34.148751709938509],[-90.946324127900624,34.10937171558021],[-90.874541981250232,34.072038638708598],[-90.892420996800112,34.0268576532971],[-91.088697175397257,33.961331756824855],[-91.03596212719404,33.94375572686441],[-91.026383112024391,33.907977694394333],[-91.061248113038602,33.877502699573725],[-91.02678307735367,33.763639580722554],[-91.111495040330809,33.774565714315671],[-91.143288003928447,33.747138754320538],[-91.07539008731267,33.714400579665288],[-91.100981143704715,33.660548521344289],[-91.178312126249864,33.651106645884838],[-91.130903200088838,33.610916485120505],[-91.188943236751527,33.576222538041065],[-91.215672306345127,33.529420514696064],[-91.11376556185283,33.393121166501935],[-91.142220676056382,33.348986178848385],[-91.125540798866012,33.28025209876386],[-91.086138753787438,33.273649043173194],[-91.068709771674207,33.232932978079639],[-91.104318864995108,33.131594811872347],[-91.153016953585208,33.135089833039977],[-91.180838022140406,33.098360745359543],[-91.120380922667565,33.054526651510557],[-91.166075019590991,33.0041026567825],[-94.042966999424166,33.019216796781627],[-94.043431421293093,33.551423068642855],[-94.183398664240528,33.592210283760707],[-94.354168777268228,33.556450539484587],[-94.419060448826997,33.577215577122523],[-94.485878049640846,33.637865514349876],[-94.431517461121402,35.369590040598382],[-94.617918343291279,36.499410161331262]]]}},
{"type":"Feature","properties":{"STATEFP":"35","STATENS":"00897535","AFFGEOID":"0400000US35","GEOID":"35","STUSPS":"NM","NAME":"New Mexico","LSAD":"00","ALAND":314196306401,"AWATER":728776523},"geometry":{"type":"Polygon","coordinates":[[[-109.050048127427388,31.332501237912357],[-109.045222022949105,36.999085167138624],[-103.002202031222865,37.000103725811258],[-103.00243539302376,36.500394498016433],[-103.041925418406436,36.500436450494995],[-103.06442313348262,32.000517924126783],[-106.618486261472327,32.000493935700987],[-106.635880083720082,31.87151311954614],[-106.528242045114823,31.783147354018809],[-108.208394516787521,31.783599042454149],[-108.208574492008822,31.333392658368044],[-109.050048127427388,31.332501237912357]]]}},
{"type":"Feature","properties":{"STATEFP":"48","STATENS":"01779801","AFFGEOID":"0400000US48","GEOID":"48","STUSPS":"TX","NAME":"Texas","LSAD":"00","ALAND":676653171537,"AWATER":19006305260},"geometry":{"type":"Polygon","coordinates":[[[-106.635880083720082,31.87151311954614],[-106.618486261472327,32.000493935700987],[-103.06442313348262,32.000517924126783],[-103.041925418406436,36.500436450494995],[-100.000408779560544,36.499700055594154],[-100.000383141987882,34.560507440507749],[-99.929336127537681,34.576712407922486],[-99.696464292352161,34.381034242835497],[-99.600028396868481,34.374686151439938],[-99.584482361353494,34.407671134196882],[-99.420434693257832,34.380462142605104],[-99.394958523702812,34.442097089014403],[-99.350409619537416,34.43708111264548],[-99.211603495796211,34.313968545836566],[-99.189514660124644,34.214310608144174],[-98.940223441752991,34.203684512584751],[-98.872232506488359,34.160444535880806],[-98.737235673879368,34.130990643480111],[-98.648076773053589,34.164439769817392],[-98.577139774170135,34.148960892447178],[-98.475069692217232,34.064268107012445],[-98.414429710899242,34.085073106746762],[-98.364026785708973,34.157108089697218],[-98.169123606863238,34.114170157033257],[-98.123380608054447,34.154539155232818],[-98.08284228771366,34.002411161291398],[-97.947575096853285,33.991052148481501],[-97.951218068038557,33.878423306257716],[-97.865768021082829,33.849392370026131],[-97.671774931537868,33.991369000584221],[-97.609093871709135,33.968091985158438],[-97.596157861209846,33.922105016903338],[-97.558272832593502,33.89709798031955],[-97.486507778443823,33.916992872485643],[-97.444195808606693,33.823771822085995],[-97.372943819172093,33.819452740290579],[-97.206143655833898,33.91427859024887],[-97.166631668472093,33.847309596193938],[-97.205654767346829,33.809822600072891],[-97.149396592279516,33.721965629082725],[-97.09107451978501,33.735113617003897],[-97.055840503104037,33.85573959400778],[-96.985569423685405,33.886520581017457],[-96.988747447252507,33.918466576534051],[-96.95231542038276,33.944580546899324],[-96.905255366782924,33.947217513957582],[-96.850595227118703,33.847209534366449],[-96.794278172813392,33.868884495681883],[-96.776768128550728,33.841974508646331],[-96.712424078381659,33.831631507517585],[-96.659898146434003,33.916664431071261],[-96.590114102723788,33.8806634626592],[-96.59292805538459,33.830914509492601],[-96.523865029575475,33.818112522770932],[-96.50228797977455,33.77345856726221],[-96.436457033505548,33.780048512080938],[-96.363137028010371,33.694213503828855],[-96.277271149462763,33.769733392795089],[-96.229025172920956,33.748019375412625],[-96.151632208142786,33.831944356052013],[-95.935327310926525,33.875097337401677],[-95.820598430325816,33.858463322658501],[-95.603659675895514,33.927193330407256],[-95.556917728535737,33.927018336819273],[-95.525324771233599,33.885485347041254],[-95.35234105602494,33.867787407923529],[-95.283448163447019,33.877744426618854],[-95.22639612999599,33.961952370648774],[-95.046571405151894,33.862563243671815],[-94.981653431017975,33.85228217331575],[-94.841637264741237,33.739428872957603],[-94.76614904555413,33.748028740943759],[-94.714867887621381,33.707259022930607],[-94.572874993334665,33.669884288822104],[-94.528931091037009,33.621838493932522],[-94.485878049640846,33.637865514349876],[-94.388055607776437,33.565509563951984],[-94.213608911231148,33.570620348095936],[-94.183398664240528,33.592210283760707],[-94.043431421293093,33.551423068642855],[-94.041833095075603,31.992401307725196],[-93.909557354214769,31.893142664677299],[-93.853390436776536,31.805465484237207],[-93.803419385931718,31.700684584198374],[-93.834923980675242,31.586210153946652],[-93.787686867719117,31.527343318930225],[-93.725925073591398,31.504091032742657],[-93.749475834479981,31.468689448119306],[-93.668146440707488,31.375101760855394],[-93.67544027767822,31.301039141030348],[-93.613942451693262,31.259373841484738],[-93.602443499981106,31.182539674907098],[-93.535097683380684,31.185612199130709],[-93.549841844913743,30.967115938381315],[-93.530937169404694,30.924531784125147],[-93.629906164830373,30.679937643113771],[-93.729197258844593,30.544839191252645],[-93.702667636384035,30.429943465060497],[-93.745335854055739,30.397018662286985],[-93.760331195876063,30.329920471490354],[-93.707193272265926,30.275509157365896],[-93.703943753151549,30.054285643014889],[-93.929212263235627,29.802945856839379],[-93.837975282344217,29.690612652415744],[-94.056510712165633,29.671156941170853],[-94.670394350646433,29.430775265463755],[-94.731052299500305,29.369136537765282],[-94.722535300543356,29.331441601468836],[-95.026224462177794,29.14806050004383],[-95.382395591551258,28.866345627184828],[-95.439599602215438,28.859019626341404],[-96.328822082823166,28.423657044340988],[-96.442853945497987,28.317663957960896],[-96.792163475130167,28.110494736330914],[-97.003330677526506,27.908305232544617],[-97.140860178766303,27.716685952114162],[-97.296063599008207,27.427171507350462],[-97.358475417730659,27.234791022136367],[-97.378704076905137,27.060038909377273],[-97.366880032894727,26.885576146981428],[-97.196946655576397,26.30586051753442],[-97.14558063627743,25.97112785912859],[-97.156621706096871,25.949017910137641],[-97.206958607383029,25.960895038104152],[-97.338359361515259,25.923121595920637],[-97.365989329828992,25.902443761968929],[-97.372877526344894,25.840113915130729],[-97.422649331186363,25.840375180987884],[-97.454740069383547,25.879334249201438],[-97.496873903915713,25.880055457856944],[-97.582577242181017,25.937854563929449],[-97.644022744990863,26.006611553566813],[-97.795301958829981,26.055215949468021],[-98.197055338941169,26.056151586645818],[-98.442545564464069,26.199149474228751],[-98.613473616901956,26.252025899283574],[-98.654228965897502,26.235957668195919],[-98.80735670514423,26.369419322916738],[-98.890973382661983,26.35756729035748],[-99.032325133350909,26.412080873212009],[-99.082010548090537,26.396508752610078],[-99.110863920190539,26.426276973044551],[-99.091644971208808,26.47697635773272],[-99.105041290924007,26.500334512847633],[-99.171413906205089,26.549847448267556],[-99.208917310020638,26.724760577819421],[-99.268623490464691,26.843213185773362],[-99.328910300870149,26.879761621539604],[-99.387377247025654,26.982400342383894],[-99.446979869643584,27.026027666651917],[-99.429993147716175,27.159150517660866],[-99.445246728293583,27.223342556062065],[-99.48794530230856,27.294942629427982],[-99.52966216456322,27.306052681135707],[-99.487528842330519,27.412397306049694],[-99.497526498671732,27.500497102090087],[-99.528327467789694,27.498897144197436],[-99.530145306893417,27.580208119033951],[-99.556819229797227,27.614337130051254],[-99.704608141704938,27.65495521921881],[-99.844743918365509,27.778810196951831],[-99.93216776390048,27.967711334895611],[-99.984929685863491,27.990730303428112],[-100.075480404141516,28.124883123573142],[-100.26761015624777,28.2502700511955],[-100.397276189482341,28.575638183977198],[-100.500360107304587,28.661961309712783],[-100.535836007862642,28.80588944574783],[-100.627211832855835,28.903735677072415],[-100.674661720288142,29.099779039506529],[-100.772654719253865,29.168494424916396],[-100.795686767715068,29.22773259172369],[-100.886847730261707,29.307850973251025],[-100.99561265478934,29.363406393425226],[-101.060156166425188,29.45866477318382],[-101.137507942293425,29.473546230878263],[-101.192724532739334,29.520289724911265],[-101.254899335605643,29.520347149710155],[-101.305536360473027,29.577930963414612],[-101.307334931217554,29.640722254720906],[-101.367200145477739,29.664048085419903],[-101.400637369269916,29.738086860850135],[-101.561568008313202,29.794667113429462],[-101.654575456979487,29.765173042032057],[-101.966158681711832,29.807352862631056],[-102.115672241069078,29.79239895606365],[-102.301371071330195,29.877681408546614],[-102.349851294556586,29.862323997200416],[-102.392895927160794,29.765575327475503],[-102.512677755177222,29.780308195090456],[-102.551072037020106,29.752362805665022],[-102.677184603758874,29.73826504534761],[-102.693458520098957,29.676510776522459],[-102.808685494080351,29.522321565430229],[-102.824557710728044,29.399559898568612],[-102.871851589195288,29.352094337734911],[-102.891017039610276,29.287113832501269],[-102.87134174043662,29.241625743573266],[-103.076353480305755,29.085721130732928],[-103.126747387849065,28.982122615076172],[-103.281191110408471,28.982136709539411],[-103.463198459366723,29.066822328058542],[-103.524615832375787,29.120999075134442],[-103.724746787122541,29.191472296757574],[-103.78903778388036,29.25750474302875],[-104.055598862059313,29.330912929273197],[-104.143694433417465,29.38328080656121],[-104.229082873562774,29.48105266576173],[-104.371176404250278,29.543065377496042],[-104.539761971562271,29.676076283245905],[-104.565688798967813,29.770464182512566],[-104.672327512512496,29.911113942295788],[-104.703998210268495,30.024211866818902],[-104.702788011779532,30.211737571306831],[-104.859521050515042,30.390413599550012],[-104.92479603338333,30.604831541139337],[-104.972071031193991,30.610259401386617],[-105.001239989100554,30.672582126082034],[-105.062334140078178,30.686301974823831],[-105.218660347182166,30.801565397863577],[-105.394242754940521,30.852976944117099],[-105.399609742358763,30.888938850227252],[-105.557431066639992,30.990226269913439],[-105.627350659881586,31.098542119490169],[-105.773259017546792,31.166893859823304],[-105.869354785320681,31.288631360175668],[-105.938453529863722,31.318732780821527],[-105.953943480394486,31.364748693963779],[-106.080258520319973,31.398701639747777],[-106.175675404552877,31.456278687070363],[-106.280811268882175,31.562061667863865],[-106.370139067302702,31.710709584480565],[-106.41794000397411,31.75200853160311],[-106.48464200454589,31.747808461268303],[-106.581344058182594,31.813905251714836],[-106.635880083720082,31.87151311954614]]]}},
{"type":"Feature","properties":{"STATEFP":"06","STATENS":"01779778","AFFGEOID":"0400000US06","GEOID":"06","STUSPS":"CA","NAME":"California","LSAD":"00","ALAND":403503931312,"AWATER":20463871877},"geometry":{"type":"MultiPolygon","coordinates":[[[[-118.593970169583642,33.46719798560413],[-118.484786570139462,33.487483152853535],[-118.286261283167022,33.351462693441867],[-118.325244047536515,33.299074500410256],[-118.465368402625714,33.326055434941253],[-118.482609736164775,33.36991361641914],[-118.593970169583642,33.46719798560413]]],[[[-118.594031063213691,33.035951276661912],[-118.446768978375118,32.895425359575803],[-118.353502384432034,32.821964053684596],[-118.425632034288355,32.800597162713551],[-118.487905763256862,32.844591739772561],[-118.641575893327982,33.01712938869219],[-118.594031063213691,33.035951276661912]]],[[[-119.578940715369214,33.278626624201699],[-119.510487637761273,33.307267786500361],[-119.427169385277949,33.266022077242063],[-119.429557244596396,33.228166134994098],[-119.545870417727059,33.233404803125218],[-119.578940715369214,33.278626624201699]]],[[[-119.91621956654096,34.058346195309639],[-119.364214964176298,34.050793297905372],[-119.363065624044339,34.000547301357422],[-119.795941734716209,33.962925732621592],[-119.873361583326329,33.980370474240004],[-119.876919686348842,34.023522508866215],[-119.91621956654096,34.058346195309639]]],[[[-120.368280594459705,34.076464233164501],[-120.135856111808238,34.026083204399328],[-120.055110205635756,34.037723777433797],[-119.984319207515995,33.983941651257823],[-119.973694076293313,33.942475117384497],[-120.121819747634262,33.895708106340301],[-120.200087898854179,33.956901380777403],[-120.454136279158845,34.028081023747312],[-120.368280594459705,34.076464233164501]]],[[[-124.409588334321654,40.438088977402302],[-124.176705859159554,40.843625466517729],[-124.118138377439152,40.989268410444886],[-124.163979984546927,41.138679104680499],[-124.122669601558627,41.189729198037625],[-124.063072311529865,41.439581411800077],[-124.14347955803764,41.709288064600358],[-124.245027532677909,41.792303546300026],[-124.203400710131007,41.940966962096695],[-124.211602910596909,41.998462626710563],[-119.999168276983937,41.994539714843526],[-120.001022988610828,38.999579641314902],[-118.500961607839997,37.94902324121805],[-117.244915379310967,37.030248158146001],[-116.093600983868072,36.155806479450654],[-114.633486433848816,35.001854637289853],[-114.634380214011472,34.872887603918926],[-114.465244065820215,34.691200680972848],[-114.378220325630181,34.516520617739779],[-114.378849523196592,34.450375729799561],[-114.33536934712852,34.450037837852449],[-114.140927882283222,34.305918877242469],[-114.139053123901974,34.259537890573895],[-114.229713418897532,34.186928004754115],[-114.428024405297606,34.092787237816061],[-114.454805348775366,34.010968439455098],[-114.53498536774498,33.928499298858902],[-114.508706428049081,33.900640343503724],[-114.520463495953891,33.827778196751808],[-114.496563625739512,33.719155183174578],[-114.525199692705101,33.66158330733132],[-114.524597833024856,33.552231595197057],[-114.597281935518666,33.490653440907906],[-114.635181673190402,33.422725968656671],[-114.725280726924296,33.405047342685961],[-114.707346581310929,33.37662725851748],[-114.723257241339724,33.288077517247878],[-114.674489005224132,33.255595767637224],[-114.679357486810432,33.159517234768302],[-114.706173886936725,33.105332742357383],[-114.670802112453174,33.037981692900487],[-114.511341418698962,33.023453782262962],[-114.463125210836836,32.901882540397217],[-114.468969059554993,32.845153315287646],[-114.570672781219272,32.747414381776544],[-114.705714766458883,32.741577618110377],[-114.719630727164997,32.718759493048147],[-117.1248626924002,32.534157171348909],[-117.168866171933672,32.67195323184216],[-117.196767061114187,32.68885228948492],[-117.246069044075099,32.669353406641783],[-117.2549696405692,32.786949308167806],[-117.280970570554416,32.822248231119453],[-117.254469391774535,32.900147053767405],[-117.28076924361288,33.0123437883652],[-117.36257178759881,33.168437405363107],[-117.445583056628138,33.268517116200456],[-117.645581452311561,33.440728719707202],[-117.715348109331444,33.460556760107394],[-117.840288493092118,33.573523406324519],[-117.927090847521853,33.605521150309237],[-118.132699002525527,33.753216846058393],[-118.258688550890668,33.703741018765008],[-118.396607782507672,33.73591708736857],[-118.428408870523853,33.774715012854791],[-118.39430876964785,33.804314781394673],[-118.41270988591863,33.883912493246974],[-118.519517064772259,34.027509243703349],[-118.744954220688342,34.032102199102681],[-118.805116077296859,34.001238130925813],[-118.854654815333078,34.03421433895155],[-119.109785082619268,34.094565776909583],[-119.227744273475437,34.161727908971869],[-119.270145968181069,34.25290282701792],[-119.375782386165184,34.32111706186177],[-119.461038675968666,34.374062499323301],[-119.616865525438129,34.420993072209711],[-119.709071041452631,34.395394924765661],[-119.873975049166432,34.408793131300392],[-120.141168420670994,34.47340383422263],[-120.451427571315207,34.447092778208976],[-120.511423659927857,34.522951736799293],[-120.62257788608413,34.554016174849963],[-120.645742006280287,34.581034286696166],[-120.601973569589831,34.692094311109692],[-120.626323729850711,34.738071436438581],[-120.61026994329282,34.858179291825685],[-120.670838814482167,34.904114351817178],[-120.633573838752,35.03308436321381],[-120.635790329885936,35.123804903738915],[-120.714187822549817,35.175998192655143],[-120.756088775244777,35.160459137010307],[-120.896791625208621,35.247878003561873],[-120.862135058271249,35.360764213153445],[-120.884759126802535,35.430197379337457],[-121.003360656793461,35.460711225410449],[-121.166713191746254,35.635401537311139],[-121.272322692927304,35.666714345778125],[-121.314632346824681,35.713313787378063],[-121.332449045785225,35.783109659067378],[-121.462262525983235,35.885623184659266],[-121.486198000400123,35.970353346432866],[-121.574599850859997,36.025162033414482],[-121.680144401597005,36.165822711612051],[-121.826424771587156,36.241864820237019],[-121.888490818960634,36.302814646838144],[-121.970428171624448,36.582755964493451],[-121.923867736894778,36.634560555503981],[-121.860605692205766,36.611137360665701],[-121.814464100326774,36.682859051713088],[-121.791546767238856,36.815187266903521],[-121.862269788668428,36.931553795993167],[-121.906472207623423,36.968951853069136],[-122.105979270387621,36.955952895923794],[-122.206182343329218,37.013951026059495],[-122.39706757947711,37.187251365135111],[-122.418454873314204,37.248523351263344],[-122.409260118410643,37.374807132228078],[-122.445988705481099,37.461543330880488],[-122.516690611111201,37.521342607685369],[-122.496787532959573,37.612137893058005],[-122.511984254377865,37.771130973861446],[-122.398139909209021,37.805631240657974],[-122.356785080357938,37.729506180542792],[-122.393191178560613,37.707532199398258],[-122.360220155417224,37.592502390489223],[-122.244372852405945,37.558140743691929],[-122.168450164401463,37.50414351596978],[-122.1119993512158,37.528851539167015],[-122.163050009409972,37.667933965671459],[-122.333711784952868,37.809798310300827],[-122.303931662695788,37.830088359021957],[-122.334530397436211,37.908792489281602],[-122.378709442318453,37.905192539551543],[-122.425258231368815,37.955673794565818],[-122.367582124193717,37.978169712235086],[-122.368891034710273,38.007949772873076],[-122.321706043948723,38.010311611467372],[-122.262861046052421,38.051474414090912],[-122.301804051776571,38.105143550097353],[-122.393588113635474,38.143450858757475],[-122.491283134320014,38.108089186355457],[-122.499465041119421,38.032167218433678],[-122.452995030646889,37.996169043825574],[-122.488665183893929,37.966716006962201],[-122.486375426750342,37.921882765568746],[-122.418470719410124,37.852722395874672],[-122.483483938382548,37.82672926765747],[-122.537285945988444,37.830329311544268],[-122.678474884327073,37.906605609229047],[-122.702640938354648,37.893821572471595],[-122.856574438244792,38.016718889311974],[-122.939712656933438,38.031910039197555],[-122.974391805942645,37.992431148257239],[-123.011534877726959,38.003440150627632],[-122.953630283066602,38.175671828879345],[-123.00412279631189,38.297013498393113],[-123.05350446198932,38.299386301813541],[-123.085571707853006,38.390525926421354],[-123.16642658826828,38.474947624604681],[-123.331899038363915,38.565540901506019],[-123.441777661420858,38.699740236257],[-123.710548221873324,38.913221745920325],[-123.732900424490083,38.954985576622867],[-123.69074791718883,39.021286502042507],[-123.825333732173135,39.360817261198555],[-123.766477528474496,39.552807027880668],[-123.851720038848498,39.832044547042983],[-123.907671691535441,39.863032884136011],[-124.035914678487885,40.013327619753717],[-124.068917998926381,40.021316060569063],[-124.087093744579533,40.078451232945838],[-124.363415422095756,40.260986728549426],[-124.353123874501335,40.331437605308665],[-124.409588334321654,40.438088977402302]]]]}},
{"type":"Feature","properties":{"STATEFP":"21","STATENS":"01779786","AFFGEOID":"0400000US21","GEOID":"21","STUSPS":"KY","NAME":"Kentucky","LSAD":"00","ALAND":102279490672,"AWATER":2375337755},"geometry":{"type":"Polygon","coordinates":[[[-89.544434118158833,36.574509825893735],[-89.407905990048675,36.562344650310649],[-89.378693904143248,36.622291666360951],[-89.324657826450164,36.62403156441141],[-89.278934778087489,36.577698411299799],[-89.227318747319117,36.569374222463061],[-89.165487739197914,36.66242513598992],[-89.202509623929529,36.716616590537932],[-89.156988522488362,36.755966592230862],[-89.147672522988245,36.847146522069835],[-89.098841662606489,36.957848374293505],[-89.132913561090817,36.982055424971776],[-89.128897635539929,37.017906435435222],[-89.168085737957554,37.074216563646985],[-89.000967226170658,37.224399725672797],[-88.931744180446614,37.227591649634078],[-88.531574589036296,37.067190443573622],[-88.476125512192695,37.068221471208652],[-88.424774745356729,37.149899294461513],[-88.514659941000502,37.290946345472641],[-88.465860049498716,37.400545294758778],[-88.418593050984029,37.421985241583215],[-88.358435028733453,37.404858173457747],[-88.281665986016307,37.452594088148118],[-88.062293052244939,37.487834843941783],[-88.072241090398379,37.528823898732774],[-88.13162112680601,37.572965999903936],[-88.160061249829567,37.654330088435515],[-88.02802947522656,37.799222093586607],[-87.970261433207739,37.781854169779216],[-87.903803414100807,37.817760083122785],[-87.938127503712153,37.870648970729832],[-87.921743531875038,37.907882906461758],[-87.872539506286842,37.920996930959056],[-87.80801239836444,37.875189035520997],[-87.723634393866291,37.892056040055643],[-87.68163235520997,37.855915018458013],[-87.625850368167477,37.851916975493559],[-87.608478519165601,37.898791931134362],[-87.551276677957333,37.925415856941299],[-87.41858470670158,37.944760702447624],[-87.180062225246317,37.841372558490143],[-87.105613017436426,37.767628637147986],[-87.010314060415482,37.919665697651283],[-86.927745999025504,37.934953788179364],[-86.810911974440216,37.997147959035907],[-86.722245760614257,37.892645922179454],[-86.615213595000725,37.85285490615847],[-86.599846633300771,37.906751964627944],[-86.509366523030309,37.902884981717499],[-86.521823667947572,38.038325116343621],[-86.471901630794179,38.046216151902058],[-86.38721459953311,38.124630262090236],[-86.321272512194398,38.14741630335083],[-86.206437407931617,38.021874318793166],[-86.095764176756518,38.008928361626495],[-86.03338404913471,37.970380330379555],[-85.922392859733407,38.028677485737653],[-85.89476180954162,38.188467664467879],[-85.81616188352811,38.282967849423279],[-85.750959826960866,38.26786890688031],[-85.683559180274813,38.295467891364851],[-85.587756448411994,38.450494069044922],[-85.498864462555701,38.468241083727634],[-85.415598312826575,38.546340156206192],[-85.448860624666025,38.71336710229464],[-85.275451823104632,38.741171533651723],[-85.187275588026466,38.687608500725993],[-84.962532125112489,38.778035030678176],[-84.812874405237793,38.786088320456052],[-84.786403663486681,38.882220824275819],[-84.877759704749465,38.920357114915525],[-84.832614834703193,38.961460070253793],[-84.897168798245389,39.05240659386677],[-84.750746459520158,39.147357085157289],[-84.607925403012089,39.073237150512639],[-84.445239150963346,39.114460040474178],[-84.400937022573459,39.046361054416764],[-84.326535836186295,39.027461996983845],[-84.297251723268388,38.989692939268956],[-84.212900827494238,38.805705430579216],[-84.051638991690552,38.771395002216963],[-83.978811122410903,38.787101881218661],[-83.852083459588272,38.751430581777612],[-83.834013515006234,38.716005651309132],[-83.783618816701619,38.695638642244226],[-83.772158693502234,38.658147755940682],[-83.679482575418916,38.630033929131315],[-83.642992584744832,38.643270954836417],[-83.626920689554694,38.679384922307662],[-83.533337513314308,38.702103124727984],[-83.376300486323828,38.661471135971645],[-83.286512546402776,38.599239089114597],[-83.239513594209228,38.628586076431574],[-83.172645670820216,38.620250068310206],[-83.011814837457536,38.730055051267101],[-82.889191667824349,38.756074073318672],[-82.851312851796749,38.604332152682595],[-82.800110931434887,38.563181217482509],[-82.724844936816112,38.557598253015158],[-82.618472986702784,38.477087258615121],[-82.59367198695017,38.421807195451173],[-82.597978019945089,38.344907128712158],[-82.571876033526607,38.315779066445401],[-82.626180905569726,38.134833128879414],[-82.464985827881279,37.976857050480717],[-82.487554775342161,37.916973044374387],[-82.418688653827616,37.872373050732584],[-82.327354440851593,37.76223106182681],[-82.296116274635523,37.686171994271902],[-82.064416732380408,37.544513672711034],[-81.968295971298545,37.537795597673892],[-82.355340770045814,37.265217331727051],[-82.558175323054428,37.199603196816149],[-82.726291824859629,37.111849611575458],[-82.722251595517818,37.057945533870388],[-82.75071270362092,37.024104669591118],[-82.869180962083377,36.974179619111119],[-82.865190071955155,36.920920664213909],[-82.895443217052872,36.882142638774262],[-83.075588521063366,36.850586463920664],[-83.136393771755095,36.743085415285151],[-83.436507954438767,36.666184576837018],[-83.527111984295132,36.665984564958642],[-83.690714129013372,36.582580614505957],[-86.507771143725876,36.652444851852344],[-87.853204614456473,36.633246470832624],[-87.849567561955467,36.663700651923449],[-88.070532746714804,36.678117944053263],[-88.033802978010129,36.55173230683905],[-88.050467050946281,36.50005205466082],[-89.539232188303842,36.497933732470379],[-89.571481145017529,36.53808676849728],[-89.544434118158833,36.574509825893735]]]}},
{"type":"Feature","properties":{"STATEFP":"13","STATENS":"01705317","AFFGEOID":"0400000US13","GEOID":"13","STUSPS":"GA","NAME":"Georgia","LSAD":"00","ALAND":149482048342,"AWATER":4422936154},"geometry":{"type":"Polygon","coordinates":[[[-85.605165015773323,34.984678002209996],[-83.108605654881117,35.000659108537192],[-83.140620656133066,34.924913550184776],[-83.323863554999974,34.789710675893836],[-83.320059351229858,34.759614755571604],[-83.353234997688247,34.728646629489077],[-83.338687756736959,34.682000484372537],[-83.154576634787745,34.588196040019341],[-83.048289002583459,34.493251766690619],[-82.873831181232177,34.471505642040562],[-82.744982541027056,34.244858756521431],[-82.715373316128307,34.148162696803809],[-82.642797355756429,34.081309634051891],[-82.556835646627292,33.945350895905207],[-82.324480842703665,33.820030525106809],[-82.161908981792607,33.610641150810146],[-82.106240998811856,33.59563523389712],[-81.926337347287955,33.4629355583169],[-81.932738405076307,33.343539747259257],[-81.846137559782164,33.303841779429945],[-81.846537553441024,33.241744884649172],[-81.763536649190755,33.20364692420825],[-81.755136662459662,33.151548976615764],[-81.502031548858383,33.015111875016601],[-81.499567516019766,32.943721332048966],[-81.420621278164802,32.831222720438618],[-81.397106739764723,32.60558804946595],[-81.274927871365961,32.544159289888746],[-81.194829116827194,32.465085988540778],[-81.194930820027906,32.411487938279684],[-81.133031007494807,32.334791346465479],[-81.128032734155326,32.276293534722619],[-81.15352958392117,32.237683032256861],[-81.113330693057989,32.113201248134622],[-81.038260635751882,32.084465342922243],[-81.006740631521268,32.101148436302211],[-80.843124570829531,32.024222204111823],[-80.848435306854398,31.98827508691971],[-81.13063044241764,31.722687763958675],[-81.133490209112111,31.623343909339482],[-81.27933677623831,31.35112346133754],[-81.260956843576849,31.303906453179227],[-81.282840912683454,31.244326526952815],[-81.368239963243738,31.136530865013775],[-81.402094980914725,31.125379928327821],[-81.420473066594752,31.016700125321307],[-81.405151880916648,30.908200195488053],[-81.460059631486757,30.769909246499772],[-81.444122421248039,30.709711340642237],[-81.73223654625869,30.749631866852557],[-81.943185572270764,30.827433265404025],[-82.032665656865078,30.750670289944228],[-82.049527446350126,30.655540241833005],[-82.015726455802323,30.601694422148615],[-82.028230253684811,30.447381681216307],[-82.04076425215176,30.370141053941765],[-82.094707208263756,30.360762876315501],[-82.180041123382907,30.368606437540191],[-82.229424829307831,30.520808953868372],[-82.218604873597442,30.564390182497792],[-84.864691224532407,30.711540081903088],[-84.918149039790592,30.772080501719767],[-84.935697422510245,30.878701522903306],[-85.006061646780751,30.977037355779341],[-85.035614985867753,31.10819045722663],[-85.107515884614941,31.186449413293829],[-85.092487193771206,31.36287940228733],[-85.041881720278624,31.544682606708125],[-85.058170080142148,31.620225673504148],[-85.125531498776894,31.6949634932744],[-85.141833116958125,31.839259394434574],[-85.067831671677425,31.967356408257078],[-85.058750911560111,32.136016827868254],[-84.891841684989387,32.263397475680918],[-85.008096706311932,32.336676245991065],[-84.97183108591824,32.442842265387767],[-85.007099847029295,32.523867178985526],[-85.069848121656648,32.583145098690871],[-85.114250574821369,32.730445848312094],[-85.184400854547903,32.861315737951742],[-85.605165015773323,34.984678002209996]]]}},
{"type":"Feature","properties":{"STATEFP":"55","STATENS":"01779806","AFFGEOID":"0400000US55","GEOID":"55","STUSPS":"WI","NAME":"Wisconsin","LSAD":"00","ALAND":140290039723,"AWATER":29344951758},"geometry":{"type":"MultiPolygon","coordinates":[[[[-86.934276453133705,45.421148981171001],[-86.835749280279089,45.450187992076167],[-86.805868385007301,45.412902999670699],[-86.899891848266606,45.295184997479417],[-86.956198696876228,45.35200598442097],[-86.934276453133705,45.421148981171001]]],[[[-90.776922721157817,47.024326049506357],[-90.650423737413576,47.054680174283817],[-90.560937818358482,47.03701532422366],[-90.511624951189972,46.961409379093965],[-90.54910595939613,46.915463258554581],[-90.637125819438666,46.906726100734303],[-90.776922721157817,47.024326049506357]]],[[[-92.881135482040747,45.57340954119244],[-92.869688308621875,45.715142860619949],[-92.776495127077482,45.79001529425225],[-92.721127565879343,45.883806325637238],[-92.545682285489193,45.970119890372828],[-92.351760836804118,46.015686871019319],[-92.338239792312223,46.05215075241086],[-92.294033855429902,46.074378723986214],[-92.292192056077184,46.663243197546194],[-92.205492394392479,46.664742509845951],[-92.143338929537578,46.731597648926694],[-91.961890772957361,46.68254100316851],[-91.820028101228203,46.690177814803391],[-91.511077435852513,46.757454622677493],[-91.211648509399751,46.866825651387067],[-91.167602568676486,46.844761733590509],[-90.984618951450173,46.925604213150159],[-90.989377043983382,46.982276305662992],[-90.924129965972043,47.001890245162329],[-90.745306626168826,46.894255905556356],[-90.880842602952185,46.739958838688615],[-90.852705573574568,46.69958376964226],[-90.915153568831286,46.658411776380106],[-90.955651505875949,46.592504730963292],[-90.898309523350065,46.583051677623601],[-90.794776564488529,46.62494264405629],[-90.755288560722377,46.646290633903725],[-90.737261580495584,46.692268693271672],[-90.565562292417539,46.584893821029425],[-90.418139177295274,46.566096050743546],[-90.387231514887262,46.53366508614463],[-90.331890873495837,46.553280217943581],[-90.21487030390135,46.499949195222293],[-90.120491117756444,46.336853605349276],[-89.09163117521112,46.138505559478652],[-88.811950917319678,46.021609645402421],[-88.739997307066261,46.027308486310382],[-88.657763115575094,45.989287036190845],[-88.526675923017223,46.020821533495358],[-88.409866039088058,45.979687356915598],[-88.38018488668915,45.991653408051789],[-88.309521219588675,45.959368391510615],[-88.178008661066343,45.947110517553917],[-88.073944398979535,45.875592608226995],[-88.135067413571718,45.821693459016302],[-88.10551835049786,45.798838498706537],[-87.995876229293273,45.795434718126955],[-87.966970176438878,45.764020744714777],[-87.879812081879024,45.75484284255522],[-87.805075893302273,45.703555901332862],[-87.781006818213129,45.673933915459216],[-87.824675769915032,45.653210847590898],[-87.777670681304784,45.609203886603453],[-87.80577236836389,45.473138841378358],[-87.847428237204781,45.444176819091432],[-87.863488043893909,45.353019937399665],[-87.750927401025649,45.355037222438781],[-87.706766538246512,45.383827161133354],[-87.657348670410258,45.368752201856111],[-87.74180478339126,45.197051639537847],[-87.648191701222487,45.10636895082515],[-87.590208894021529,45.095265011751842],[-87.625749156116768,45.04515816944518],[-87.630299609427809,44.976866372424588],[-87.812991091660976,44.954013613327781],[-87.843435577969259,44.924355381284471],[-87.838362033368611,44.873987666114203],[-87.983499592569729,44.72019626325762],[-87.998720687053023,44.609289335826311],[-88.041206933634669,44.572582250353804],[-88.005522070168638,44.539218051903219],[-87.943804848962387,44.529695251125574],[-87.866888030043484,44.608435850255958],[-87.775163570112468,44.639283108295857],[-87.719783330676918,44.693248087485514],[-87.720892277295917,44.724550019259553],[-87.581308452561657,44.851792634585763],[-87.446479299739806,44.886110407871442],[-87.393407093478984,44.934394165484186],[-87.26487852857116,45.081361464029634],[-87.238225153352928,45.167259273234968],[-87.175069202707675,45.173050205475555],[-87.121610094015594,45.209783113288594],[-87.108743898133525,45.257003055575069],[-87.057627849104151,45.292838014363717],[-86.97778091191455,45.290683986957859],[-86.978760149513334,45.22733300698399],[-87.044171297526248,45.186946071754861],[-87.063158780300384,45.07931619051196],[-87.139386008421127,45.012565368612201],[-87.206287530270743,44.885928766495049],[-87.276032758145533,44.833181025858359],[-87.446966714145432,44.586276075803902],[-87.545385695064226,44.321388109538745],[-87.507422435570874,44.210806517026434],[-87.539942976333151,44.159693566068178],[-87.655185123969005,44.081897562031109],[-87.736017436737271,43.873724765875814],[-87.700250675158372,43.767353913512153],[-87.706203167466185,43.679545889677847],[-87.790133588492992,43.563057700827478],[-87.793237259248272,43.492786654541426],[-87.88920454138038,43.307655204960653],[-87.900481774208444,43.125913176443653],[-87.870180421630877,43.064415283734213],[-87.895780285899818,43.015817258927548],[-87.842676477732354,42.944119379725507],[-87.834873540319933,42.856720403297345],[-87.766668008263451,42.784899579475542],[-87.814667745155035,42.644022431265114],[-87.800470729488438,42.491921745280713],[-90.642844096868373,42.508481892209986],[-90.700857088062364,42.626446394453133],[-91.017241254849793,42.719567692797874],[-91.138000516656291,42.903774605243676],[-91.174692193174067,43.038715471686729],[-91.17525330510631,43.134667324415879],[-91.057910020453704,43.253970026452386],[-91.107237098213474,43.313646976568577],[-91.207367095226758,43.373660931063824],[-91.199407984314604,43.403033869189727],[-91.232275790571549,43.450953782880433],[-91.217705608780321,43.500551679333235],[-91.273251705872099,43.666623656934455],[-91.243954530061131,43.773047018856218],[-91.291001475460149,43.852734200081997],[-91.440536176523167,44.001502698350933],[-91.573283521626337,44.026902427126132],[-91.719097197137529,44.128853874008911],[-91.817302001155497,44.164235608658643],[-91.892697709774382,44.231105503947951],[-91.916190356782266,44.318094488193047],[-91.963599291873422,44.362112379092785],[-92.232471382246686,44.445434196154849],[-92.29100427235737,44.485464270144959],[-92.314070083752284,44.538014428869161],[-92.361517070239771,44.558935531582087],[-92.549279335298323,44.577704570385833],[-92.805286920780546,44.768361346301646],[-92.750802566399344,44.941567754752185],[-92.761904826925417,45.022467919581736],[-92.802911831407144,45.065403911118892],[-92.740509878209465,45.113397168212721],[-92.766932980350816,45.195112266072748],[-92.761868815053916,45.284939295389201],[-92.698967283501943,45.336375322820224],[-92.646767532121075,45.43793031414198],[-92.756905256655585,45.557499817283251],[-92.881135482040747,45.57340954119244]]]]}},
{"type":"Feature","properties":{"STATEFP":"41","STATENS":"01155107","AFFGEOID":"0400000US41","GEOID":"41","STUSPS":"OR","NAME":"Oregon","LSAD":"00","ALAND":248606993270,"AWATER":6192386935},"geometry":{"type":"Polygon","coordinates":[[[-124.552430170789506,42.84057425468589],[-124.436184807446011,43.071316434406057],[-124.382446293102035,43.270169606574193],[-124.4003900132588,43.3021234115905],[-124.286882533220592,43.43629696531378],[-124.233520674710022,43.557129956227968],[-124.150252542483514,43.910848312528678],[-124.064997178976554,44.632494920280472],[-124.074057203721836,44.798097082763228],[-123.975421762531766,45.145465983382309],[-123.962885731486011,45.280208890186856],[-123.976545527506673,45.489724194012446],[-123.94755830720699,45.564869609809882],[-123.939451852534702,45.708787203724697],[-123.968567549631871,45.757011219587525],[-123.967636248962634,45.907799500983046],[-123.993709966570492,45.946423300733713],[-123.937477685987503,45.977298965865806],[-123.929337009189283,46.041971877608439],[-123.959197966900405,46.141670558218479],[-124.041136935173341,46.197668538907017],[-123.998061300099778,46.235324453038317],[-123.912412287708705,46.179446385626356],[-123.757593281382967,46.21299794691366],[-123.718152955987478,46.188985666534059],[-123.479646113834036,46.269127674850573],[-123.427631011497041,46.229344259985673],[-123.430849148316696,46.181823012381948],[-123.371435032926996,46.146367805389403],[-123.28016771663323,46.144838764151359],[-123.166415149886859,46.188968747081489],[-123.115904964552044,46.185263591950829],[-122.904119684819847,46.083729098976093],[-122.813998681245508,45.960979151436192],[-122.785026466599405,45.86769384101386],[-122.795605426792093,45.80999465976825],[-122.761451304782895,45.759157479760766],[-122.77451092387345,45.680431433164422],[-122.738108667221539,45.644132493072611],[-122.438672565231727,45.56358062561052],[-122.380300403457056,45.575936861975258],[-122.331500192891156,45.548237039881997],[-122.101673397647545,45.583512321351016],[-121.81130206982067,45.706757772074624],[-121.735102364938612,45.69403561921402],[-121.533105401737757,45.726536971892081],[-121.423592373268946,45.693985984150601],[-121.337771013751265,45.704945088193845],[-121.215780613961655,45.671234238654684],[-121.183842485164476,45.606437283059982],[-121.084934506701686,45.647889295755014],[-120.895576501980585,45.642941540101383],[-120.63496978332266,45.745843943055],[-120.591167823943138,45.74654395445782],[-120.505864860598265,45.700045023615161],[-120.403962001226233,45.699246123687551],[-120.210756227309446,45.725948280874782],[-120.14135426395049,45.773149322190463],[-119.965746305935866,45.824362439040073],[-119.669878883836233,45.856864762770371],[-119.600550824809758,45.919578793673452],[-119.487830534901448,45.906304959922558],[-119.257151523597258,45.939924110645869],[-119.126121573557057,45.93285724849887],[-118.987130719780851,45.999853300342828],[-116.915989582314907,45.995412024553353],[-116.787520396011885,45.840203540496631],[-116.665344252608307,45.781997701722879],[-116.593004272049399,45.778540706225478],[-116.535698282080659,45.734230736657459],[-116.528272352107081,45.681472737850235],[-116.463504421370516,45.615784757451273],[-116.674648630232383,45.314341739805201],[-116.754643425703762,45.113971721442169],[-116.841314283686359,45.030906728538383],[-116.858313212340548,44.97876075312417],[-116.833632218818522,44.928975792066566],[-116.865338184345944,44.870598845946304],[-116.931800104860571,44.7871809277841],[-117.06227311318365,44.727142978518494],[-117.142929972233347,44.557236097266653],[-117.225931762103883,44.479389192863771],[-117.215071752153662,44.427162150359507],[-117.243026625101393,44.390973996099511],[-117.192202708558014,44.32863007626991],[-117.216973689432407,44.288357061294874],[-117.170341652816418,44.258890028505476],[-117.121036650536951,44.277585022121137],[-117.059351605276063,44.237243998059839],[-116.97195761726104,44.235676981530396],[-116.965497696026134,44.194125985659618],[-116.902751814240332,44.17946699118248],[-116.895930861824922,44.154294993023669],[-116.977350859422032,44.085363994579218],[-116.937341999226362,44.029375999737518],[-116.976024106792167,43.895547999465343],[-117.023577198722194,43.823811007597286],[-117.026195978877595,41.999888606547039],[-124.211602910596909,41.998462626710563],[-124.314287556584404,42.067867038677981],[-124.410979953586249,42.250552231488712],[-124.43510036272329,42.440169265004663],[-124.399058874997522,42.539934349136068],[-124.413111220328247,42.657940243705902],[-124.510008037852359,42.734752692178255],[-124.552430170789506,42.84057425468589]]]}},
{"type":"Feature","properties":{"STATEFP":"29","STATENS":"01779791","AFFGEOID":"0400000US29","GEOID":"29","STUSPS":"MO","NAME":"Missouri","LSAD":"00","ALAND":178050802184,"AWATER":2489425460},"geometry":{"type":"Polygon","coordinates":[[[-95.765646382230841,40.58520600359779],[-94.091083204274497,40.572896922229475],[-91.729112753166547,40.613636654554249],[-91.670991398496128,40.550933665757547],[-91.618997679311235,40.539080785144805],[-91.608346036535437,40.50003672705089],[-91.498092545522212,40.401923095323568],[-91.419421713637391,40.378261150608239],[-91.469655680205747,40.322406129134556],[-91.511955646009142,40.170438302285433],[-91.48406373128519,40.019329554133805],[-91.43708983155274,39.946414698265464],[-91.436050830207833,39.8455079431128],[-91.361571000060664,39.787546091920646],[-91.367752962957951,39.729027226462044],[-91.174232273625549,39.591973451989773],[-91.148275289683809,39.54579653194638],[-91.100307397054138,39.538693542762957],[-91.038270499598227,39.448434473664307],[-90.729961372248042,39.255892485496759],[-90.681087058293514,39.100587641002228],[-90.713629969558468,39.053974364161746],[-90.657254772286251,38.92026683320735],[-90.555693587111833,38.870781691985847],[-90.467784653213641,38.9618058669476],[-90.395817298608677,38.960033803093332],[-90.11332931119918,38.849302100599715],[-90.117709067395552,38.805743933885765],[-90.209911437933144,38.726045750572467],[-90.184511191659297,38.611546517706273],[-90.349743958214702,38.377604993694668],[-90.372520017473875,38.323350209612109],[-90.363927123601201,38.236351525117819],[-90.218708984179273,38.094362042665871],[-90.008354179063915,37.970176565469892],[-89.954911205629998,37.96664458860819],[-89.974222099142111,37.919214622749116],[-89.92318596891991,37.87066962570804],[-89.851049036652668,37.903977587998178],[-89.69655936183274,37.814334325472302],[-89.667993011393534,37.759481268566304],[-89.521947946749293,37.696474871987306],[-89.494050926001762,37.580115659544553],[-89.512399906330472,37.529809568759795],[-89.425939656226305,37.407470265350021],[-89.428184543524907,37.35615713948367],[-89.495159429056997,37.32479409828008],[-89.517031338483307,37.281919017730736],[-89.470524264157888,37.253355912786546],[-89.456103989820207,37.188119075895763],[-89.359454353002207,37.042605097940914],[-89.098841662606489,36.957848374293505],[-89.147672522988245,36.847146522069835],[-89.156988522488362,36.755966592230862],[-89.202509623929529,36.716616590537932],[-89.165487739197914,36.66242513598992],[-89.227318747319117,36.569374222463061],[-89.278934778087489,36.577698411299799],[-89.324657826450164,36.62403156441141],[-89.378693904143248,36.622291666360951],[-89.407905990048675,36.562344650310649],[-89.544434118158833,36.574509825893735],[-89.571481145017529,36.53808676849728],[-89.521021200273196,36.461933535238011],[-89.542337195787766,36.420102285469149],[-89.510380220915977,36.378355052061522],[-89.522695218385778,36.344787855482743],[-89.600544161387504,36.342983843057901],[-89.611819150642319,36.309086658296501],[-89.554289200522405,36.277749474329873],[-89.602374148560131,36.238104283816178],[-89.678046081010493,36.24828235090439],[-89.692630060812874,36.224957235668064],[-89.592102093418319,36.135634865009912],[-89.68002902855973,36.082491521191393],[-89.692437008116869,36.020504184451902],[-89.733095000891709,36.000604987355786],[-90.368717737126858,35.995808745652987],[-90.294492088193934,36.112949991531302],[-90.235585129251589,36.139474784026163],[-90.220425143290129,36.184764694092436],[-90.15592817053286,36.214074436585037],[-90.063980191484944,36.303038114203012],[-90.066136168760778,36.386272121877489],[-90.131038142716889,36.415069265821948],[-90.153871116562073,36.495344263064368],[-94.617918343291279,36.499410161331262],[-94.607355201417533,39.113441987782458],[-94.591934238867125,39.155001001945521],[-94.680337349823418,39.184300743379332],[-94.741939375492308,39.170200604260913],[-94.799664491385528,39.206015452680575],[-94.90806727752306,39.323660633949402],[-94.888974561379854,39.392430041584809],[-94.946665064306316,39.399715003553638],[-95.113559015809116,39.553938984157604],[-95.047167824360372,39.595115467481968],[-95.037466484330764,39.65290368361115],[-94.971319357319416,39.686408943304286],[-94.971080000735995,39.723145028685494],[-94.899317730728555,39.724041066638179],[-94.860372451598906,39.749529131110613],[-94.878678404159146,39.826521226972744],[-94.951541380680098,39.900532284780091],[-95.018744381766425,39.897371216852783],[-95.081535285917411,39.861717029735523],[-95.348777628704141,40.02929578991214],[-95.382957624138356,40.027110689541978],[-95.414734723190179,40.069818595922662],[-95.394216813305249,40.108261653996635],[-95.4810209861066,40.188522414577207],[-95.472549094037689,40.23607644117736],[-95.653730194087387,40.32258017738485],[-95.64941915259655,40.396147031120584],[-95.714292291159012,40.527205957525226],[-95.757111427965839,40.52598810048832],[-95.765646382230841,40.58520600359779]]]}},
{"type":"Feature","properties":{"STATEFP":"51","STATENS":"01779803","AFFGEOID":"0400000US51","GEOID":"51","STUSPS":"VA","NAME":"Virginia","LSAD":"00","ALAND":102257717110,"AWATER":8528531774},"geometry":{"type":"MultiPolygon","coordinates":[[[[-76.023465154545264,37.289066643139805],[-75.941173357754295,37.563839125443728],[-75.812145576775762,37.749502503726482],[-75.818115942869611,37.791698416469053],[-75.70290465854346,37.849659500953052],[-75.757685276384336,37.90391231995784],[-75.624332484507988,37.994211331976338],[-75.242256177042876,38.027210553300883],[-75.380627660057343,37.851703046299484],[-75.438990897903309,37.869335829611117],[-75.489259888309363,37.832457638013501],[-75.591942469543312,37.663178508134081],[-75.607813164505302,37.560706275603621],[-75.672866064369742,37.483695972257308],[-75.658368056931891,37.451814914573021],[-75.778806345235779,37.297175439127422],[-75.817376361270178,37.193436356217589],[-75.942388512084634,37.08960625631245],[-75.979597574098605,37.100447272425498],[-76.023465154545264,37.289066643139805]]],[[[-83.614513046429067,36.633982580591749],[-83.136393771755095,36.743085415285151],[-83.075588521063366,36.850586463920664],[-82.895443217052872,36.882142638774262],[-82.865190071955155,36.920920664213909],[-82.869180962083377,36.974179619111119],[-82.75071270362092,37.024104669591118],[-82.722251595517818,37.057945533870388],[-82.726291824859629,37.111849611575458],[-82.558175323054428,37.199603196816149],[-82.355340770045814,37.265217331727051],[-81.968295971298545,37.537795597673892],[-81.932277950746794,37.511958543967573],[-81.984889855115753,37.454312391421169],[-81.936948675130822,37.419917314551093],[-81.895999399674778,37.33196413603671],[-81.849947371203569,37.2852241028938],[-81.774745546862107,37.274844208859456],[-81.678602064467597,37.202464192141029],[-81.560624523756431,37.206660404629723],[-81.427945950479014,37.271012565417593],[-81.362155958626673,37.337684680877565],[-81.225104590440083,37.23487189600641],[-80.835478016975486,37.334822528354351],[-80.883246977173741,37.383931532524507],[-80.865146933407701,37.419925569329621],[-80.836444919620533,37.424353589522077],[-80.770080957686773,37.372361595414731],[-80.544834435328653,37.474693985137542],[-80.464818363172498,37.426143083015887],[-80.291641242376471,37.536504621240937],[-80.282436867396314,37.585480615707816],[-80.22338242315719,37.623184749865601],[-80.292254222761784,37.683731505506856],[-80.199628604771235,37.827506467466947],[-79.971227937774444,38.044325036693074],[-79.916171915843279,38.184384795851521],[-79.78754169352122,38.273295974343363],[-79.804092200724355,38.313920274917848],[-79.734599293625834,38.356726376023609],[-79.689673470228911,38.431437980601181],[-79.649072751044102,38.591514156822193],[-79.542567626032906,38.553216291314335],[-79.476638681872572,38.457228277340349],[-79.297758676689199,38.416438295582488],[-79.092955506740381,38.659517202009837],[-79.05725343114014,38.761413123579807],[-78.999014294131541,38.840074003444478],[-78.869276364461015,38.762991194168471],[-78.772793178255526,38.893742125771993],[-78.681617076929939,38.925840130740021],[-78.561710855136042,39.009007088310312],[-78.508131632279813,39.088630029873762],[-78.413942460925782,39.158414971484817],[-78.428696390140431,39.187216951049827],[-78.401812137438441,39.276753889372628],[-78.340478905519916,39.353491850429251],[-78.347085622033958,39.466011767524549],[-77.8281558798068,39.132329424113351],[-77.719516777817333,39.321314673175955],[-77.588232746623248,39.301955339419564],[-77.459880706023384,39.218682154253045],[-77.521219845886336,39.161057301026183],[-77.519926854040705,39.12092534275066],[-77.462614692143319,39.076248352669715],[-77.248400224789833,39.026909247653983],[-77.249800253473865,38.985909246476794],[-77.146598219518864,38.964210214691782],[-77.039095897188588,38.868112108316943],[-77.053195736017756,38.709914939204396],[-77.132498300393053,38.673815854513713],[-77.130197373543396,38.63501685773867],[-77.246702191562989,38.635216739221477],[-77.295272741905222,38.562124756295077],[-77.322621096636496,38.467130803123261],[-77.317286961610264,38.383575936279207],[-77.265293572669236,38.333165044496305],[-77.04813435452634,38.360144993189955],[-77.02630141694442,38.302685007305797],[-76.957793448195403,38.243182961495869],[-76.962308657165053,38.214074974198141],[-76.838792568445925,38.16347592520016],[-76.613935661270986,38.148586717800789],[-76.600933701718432,38.110083660401997],[-76.491994339601675,38.017221225164882],[-76.236719216973484,37.889173253899891],[-76.251351966011271,37.833071023086021],[-76.310301135785195,37.794848132343411],[-76.329113983072048,37.670974945570364],[-76.27944060499037,37.618223690328492],[-76.297953667511919,37.557634641456374],[-76.248452061276694,37.375133448136644],[-76.275543482541494,37.309962325666376],[-76.393950893643719,37.395938257588988],[-76.437517874607593,37.379748123660221],[-76.362281293562575,37.270223922070414],[-76.39412303567812,37.2251477821763],[-76.271252140820692,37.084542323468888],[-76.304261885935844,37.001376358602712],[-76.189948957953462,36.931445474821508],[-76.087945158430543,36.908645674456892],[-75.996242143175721,36.922045871608248],[-75.867037167170977,36.550750881855997],[-80.295243231196395,36.543972242630545],[-81.67753501956831,36.588117047347176],[-81.646898963171893,36.611915927298227],[-81.922644068506486,36.616212936118316],[-81.93414408323811,36.594212922322008],[-83.675413105577988,36.600813603950272],[-83.614513046429067,36.633982580591749]]]]}},
{"type":"Feature","properties":{"STATEFP":"47","STATENS":"01325873","AFFGEOID":"0400000US47","GEOID":"47","STUSPS":"TN","NAME":"Tennessee","LSAD":"00","ALAND":106802728188,"AWATER":2350123465},"geometry":{"type":"Polygon","coordinates":[[[-90.30069732494718,35.02879136410224],[-90.197146351973203,35.050729272192193],[-90.160058148932791,35.128828973019161],[-90.090610118535821,35.1182859002746],[-90.097946849210004,35.24998281420519],[-90.166593888201689,35.274588049541265],[-90.087902877476182,35.363270030337191],[-90.112503890976441,35.410153215209341],[-90.045305894916538,35.415434992663222],[-90.022063918599216,35.457374984161817],[-90.045804931735944,35.496533146442509],[-90.037614947037937,35.550329129617943],[-89.958497966007272,35.541702794551988],[-89.932499979278958,35.607864682742402],[-89.876547987026896,35.626652432708582],[-89.956588989705878,35.695485794532026],[-89.915490998824509,35.754916588438881],[-89.8638739935422,35.747591365113387],[-89.723425993011503,35.809380374039776],[-89.722633995859439,35.873715912911706],[-89.647270001414,35.894917823164832],[-89.733095000891709,36.000604987355786],[-89.692437008116869,36.020504184451902],[-89.68002902855973,36.082491521191393],[-89.592102093418319,36.135634865009912],[-89.692630060812874,36.224957235668064],[-89.678046081010493,36.24828235090439],[-89.602374148560131,36.238104283816178],[-89.554289200522405,36.277749474329873],[-89.611819150642319,36.309086658296501],[-89.600544161387504,36.342983843057901],[-89.522695218385778,36.344787855482743],[-89.510380220915977,36.378355052061522],[-89.542337195787766,36.420102285469149],[-89.521021200273196,36.461933535238011],[-89.539232188303842,36.497933732470379],[-88.050467050946281,36.50005205466082],[-88.033802978010129,36.55173230683905],[-88.070532746714804,36.678117944053263],[-87.849567561955467,36.663700651923449],[-87.853204614456473,36.633246470832624],[-86.507771143725876,36.652444851852344],[-83.690714129013372,36.582580614505957],[-83.675413105577988,36.600813603950272],[-81.93414408323811,36.594212922322008],[-81.922644068506486,36.616212936118316],[-81.646898963171893,36.611915927298227],[-81.67753501956831,36.588117047347176],[-81.695311014706974,36.467912006950577],[-81.734312008523773,36.413341976303933],[-81.705965996748319,36.338495977588302],[-81.833202019108526,36.347338897762285],[-81.90813701374843,36.302012829864211],[-82.028739954080706,36.124321733357007],[-82.12714590491224,36.104416685385381],[-82.14084689833237,36.136215692298393],[-82.2112508604814,36.159011681254071],[-82.297654769535058,36.133509478344266],[-82.40945764629376,36.083408093473963],[-82.464557673882709,36.006506971263995],[-82.557873763019785,35.95389993169956],[-82.610884810509546,35.974440870967769],[-82.5955247483097,36.026010818362735],[-82.628364766819288,36.062103784619076],[-82.779396980585958,35.992509782217809],[-82.816130037341779,35.923984887853997],[-82.860724042636676,35.947428862258221],[-82.910608083043343,35.926928891129819],[-82.899718121351114,35.874600946932674],[-82.978414264629336,35.782609012694614],[-83.161537402100777,35.763361826715631],[-83.198267380630682,35.725492872600526],[-83.255351351662881,35.716228896030451],[-83.297154004261742,35.657749430073274],[-83.347261755439774,35.660473855983589],[-83.498334090189189,35.56298161516078],[-83.771736334488565,35.562118183419088],[-84.021782379519564,35.407418056925131],[-84.007586320146984,35.37166106598044],[-84.038081282311339,35.348362985570823],[-84.023510194760973,35.295782981748658],[-84.097508128779168,35.247381886215415],[-84.178516136967573,35.240678818701468],[-84.223718177703191,35.269077738037218],[-84.283220136918047,35.226576744723403],[-84.321869000274432,34.988408051535245],[-90.309297368637033,34.995692170374035],[-90.30069732494718,35.02879136410224]]]}},
{"type":"Feature","properties":{"STATEFP":"22","STATENS":"01629543","AFFGEOID":"0400000US22","GEOID":"22","STUSPS":"LA","NAME":"Louisiana","LSAD":"00","ALAND":111897594374,"AWATER":23753621895},"geometry":{"type":"Polygon","coordinates":[[[-94.041833095075603,31.992401307725196],[-94.042966999424166,33.019216796781627],[-91.166075019590991,33.0041026567825],[-91.072076803216575,32.93782862555782],[-91.070603775240045,32.88865561139945],[-91.137891855716632,32.848971566802192],[-91.157615827804747,32.776029513575644],[-91.05700065753183,32.725576590318717],[-91.098763647253747,32.685287577156501],[-91.079507517782631,32.600676623724688],[-91.011276387485125,32.516592666636669],[-91.060517396378515,32.512357661698609],[-91.05290828753337,32.438438672536911],[-90.965987276538442,32.424802636638368],[-90.986673182290687,32.351756669374772],[-90.921171183301141,32.342069593076836],[-90.99122802461342,32.21465865177381],[-91.108509938145559,32.208146664162413],[-91.034707911990694,32.101049571984298],[-91.080808846478789,32.023452545310846],[-91.117409843759205,31.987053537584497],[-91.177410853480083,31.973253559059426],[-91.181110916699026,31.920055451339454],[-91.290136103478005,31.833654244330312],[-91.34571521589163,31.842857188897725],[-91.359515320629242,31.799358062042074],[-91.318577295348661,31.745311001820657],[-91.38091644895654,31.732459909726373],[-91.395716403603714,31.644160919486815],[-91.463818441810048,31.620360909440127],[-91.437617307275076,31.546161973029729],[-91.489619273385756,31.534262012985671],[-91.517141163196712,31.498390041369024],[-91.536062220183936,31.338350832133425],[-91.50885928000514,31.291639834384995],[-91.564193227102749,31.26162868401023],[-91.621359152790689,31.267806570182156],[-91.6443571592431,31.234409472120806],[-91.59005227944202,31.193688522867902],[-91.621672324127502,31.136865372933482],[-91.560366503499765,31.049503339272405],[-91.636943504427805,30.999411142639079],[-89.728147798731086,31.002426813404291],[-89.83633190194773,30.727193177020162],[-89.82186890488768,30.644020246377135],[-89.79166494479594,30.551520317775008],[-89.678515148329254,30.41400823750055],[-89.607656217213332,30.217092304843334],[-89.524505276364565,30.180749435152446],[-89.656986961588174,30.118377303128231],[-89.683712824470774,30.076014282510556],[-89.845065526087623,30.018405986631223],[-89.852582804113169,29.952717035584122],[-89.647063392301192,29.863599386335363],[-89.598128371486212,29.881406776698245],[-89.574424443795166,29.983736054724986],[-89.494065176422268,30.04096862557596],[-89.342164702981208,30.05916869327638],[-89.183258388944893,30.149340594017527],[-89.236297499230787,29.877080413125103],[-89.293250313012464,29.803052027900357],[-89.271033233901377,29.756353964149046],[-89.399161217337323,29.770590617230805],[-89.40395492718757,29.681806525609183],[-89.602107720226741,29.610292737629464],[-89.532147968463974,29.434564938013374],[-89.482315833312526,29.406220083459313],[-89.312082764560017,29.388036671871443],[-89.257849558441166,29.336870803096467],[-89.200386591007458,29.344416995088167],[-89.134334305992851,29.279339122996589],[-89.116650042799705,29.219531151287292],[-89.02597101205194,29.215152430253166],[-89.014276819238603,29.166912468812491],[-89.066613504691148,29.090713326535365],[-89.116526421887585,29.074096191246269],[-89.148788218687329,29.029669117117006],[-89.142862062906588,28.991622137342006],[-89.259350310465123,29.05835679731333],[-89.400961811888507,28.933810297181477],[-89.403526131922717,29.016962299970693],[-89.361094375046349,29.071846427101899],[-89.482840997043184,29.21505093814379],[-89.60664818688295,29.252020543161855],[-89.639660367754672,29.290528469468864],[-89.842638530195998,29.318819763400125],[-90.22358361213773,29.085070503354281],[-90.748373634342002,29.040053986253831],[-90.867849898000827,29.056057613822269],[-90.877580074182262,29.104884601602347],[-90.941874380069635,29.162366439636639],[-91.278791375947179,29.247768577953682],[-91.334884781072859,29.29876776130223],[-91.276646719100782,29.329817910140051],[-91.265451806302082,29.360969031781142],[-91.36396750805811,29.420657404640757],[-91.347514550608452,29.444431503480804],[-91.394308068914953,29.497108891194944],[-91.460964263663186,29.469954874699209],[-91.531022701885988,29.531537043884821],[-91.541975770250502,29.594346996459741],[-91.600180820953867,29.631149784481671],[-91.643833829060185,29.63061862646779],[-91.62383090085838,29.699233722152101],[-91.667129963468867,29.745815604747083],[-91.737254985675719,29.749363392039765],[-91.853072113771134,29.702929637074327],[-91.873268248353227,29.627270617949133],[-91.711082772011764,29.569321337330386],[-91.768264756771813,29.490355123100056],[-91.821580986437752,29.473918181933474],[-92.064516005077309,29.58565898338972],[-92.15862728854691,29.581610018226847],[-92.323469171098253,29.531490876462232],[-92.56804353566433,29.577390981862404],[-93.176934711223893,29.770480125267522],[-93.538466574632054,29.763292372342704],[-93.741952199107189,29.736336811339243],[-93.837975282344217,29.690612652415744],[-93.929212263235627,29.802945856839379],[-93.703943753151549,30.054285643014889],[-93.707193272265926,30.275509157365896],[-93.760331195876063,30.329920471490354],[-93.745335854055739,30.397018662286985],[-93.702667636384035,30.429943465060497],[-93.729197258844593,30.544839191252645],[-93.629906164830373,30.679937643113771],[-93.530937169404694,30.924531784125147],[-93.549841844913743,30.967115938381315],[-93.535097683380684,31.185612199130709],[-93.602443499981106,31.182539674907098],[-93.613942451693262,31.259373841484738],[-93.67544027767822,31.301039141030348],[-93.668146440707488,31.375101760855394],[-93.749475834479981,31.468689448119306],[-93.725925073591398,31.504091032742657],[-93.787686867719117,31.527343318930225],[-93.834923980675242,31.586210153946652],[-93.803419385931718,31.700684584198374],[-93.853390436776536,31.805465484237207],[-93.909557354214769,31.893142664677299],[-94.041833095075603,31.992401307725196]]]}},
{"type":"Feature","properties":{"STATEFP":"36","STATENS":"01779796","AFFGEOID":"0400000US36","GEOID":"36","STUSPS":"NY","NAME":"New York","LSAD":"00","ALAND":122049149763,"AWATER":19246994695},"geometry":{"type":"MultiPolygon","coordinates":[[[[-72.018924743839705,41.274114006143911],[-71.926801046068633,41.290122202210767],[-71.91727992851628,41.251333180313964],[-72.034752632281993,41.234817976844596],[-72.018924743839705,41.274114006143911]]],[[[-79.761954193198591,42.269857695664577],[-79.453535842492528,42.411157694667168],[-79.381946349949345,42.46649195388067],[-79.138571102307012,42.564461793912095],[-79.048861430184346,42.689156858728261],[-78.904844063483438,42.746119412731154],[-78.851355937074644,42.791756375827489],[-78.912458894876167,42.886555370438515],[-78.909159825442657,42.933255354720487],[-79.019964948701514,42.994754422643908],[-79.005450752220483,43.057229359690311],[-79.074468044126178,43.077853623770082],[-79.044567735929391,43.153253495594406],[-79.070469608696158,43.262452555267132],[-78.54739538318988,43.369539246380256],[-78.14519549225912,43.375507996469295],[-77.760231319680486,43.341158976934061],[-77.551022343090949,43.235760599702111],[-77.341093015257215,43.280658128864332],[-76.952175605228391,43.27068994692393],[-76.769026449113028,43.318450319212303],[-76.417582024389759,43.52128376684572],[-76.235834833369012,43.529254858537662],[-76.203473814332241,43.574976896544896],[-76.196596820092225,43.649759954313581],[-76.229268933448267,43.804134142746001],[-76.296759010483129,43.857078292298567],[-76.441848952545172,43.882863455355483],[-76.412138969539583,43.925675522823532],[-76.279315122677389,43.972461488154408],[-76.307675189962723,44.025276569814395],[-76.375561110154976,44.031535637886883],[-76.370707316279024,44.1004986258137],[-76.334585575938547,44.164944595048581],[-76.286548800023468,44.203772567211502],[-76.164266142767346,44.239602303062668],[-76.16183412691889,44.280776117081707],[-75.949539768685526,44.349127194116193],[-75.834125821780262,44.422430997600991],[-75.766229761383926,44.515848959444313],[-75.255516378789522,44.857649096174939],[-74.992755194624152,44.977448646321704],[-74.834670020364811,45.014680935488968],[-74.744642594991532,44.990575636544939],[-73.343123771268594,45.010837772590421],[-73.338979176039544,44.917678355518944],[-73.379822154405076,44.857034156722541],[-73.334430446341855,44.802184324532824],[-73.38996606305804,44.61961740403261],[-73.293613179644339,44.440556699888667],[-73.334636827623314,44.356874852691853],[-73.316617599715556,44.257766784636978],[-73.395398133783431,44.166900853811811],[-73.436878489727178,44.042575663943325],[-73.405975394600517,44.011482574664406],[-73.407740390347996,43.929884782073877],[-73.374049499952008,43.875560924477256],[-73.390300512399278,43.817369127144318],[-73.350705637686517,43.770461220099726],[-73.424975953631943,43.598773869535613],[-73.395766055340815,43.568085918488087],[-73.327700955730705,43.625911629908458],[-73.242041143077444,43.534923778028897],[-73.290943821128593,42.80191970943708],[-73.264956740013105,42.745939721083431],[-73.508142519493347,42.086256916157083],[-73.487314554167639,42.049637857643262],[-73.550960765836749,41.295421564505425],[-73.482708731471504,41.212759587574922],[-73.727774996775395,41.100695748488839],[-73.659532982343762,41.017856866440383],[-73.657335993071797,40.985170865564626],[-73.756776097673111,40.912598378037828],[-73.766276113733852,40.88109835406302],[-73.654372025778088,40.878198443793934],[-73.499940870010363,40.918165783894047],[-73.485364888944545,40.946396853451056],[-73.43666386477986,40.934896701423192],[-73.392861852294345,40.955296664608241],[-73.22928478730222,40.90512017985403],[-73.148993567607775,40.928897115093598],[-73.110367417684017,40.971937140242403],[-72.859830101385782,40.966086951094908],[-72.585325973170995,40.997586446421529],[-72.354121844128173,41.139951675820619],[-72.18916176506319,41.19354881146247],[-72.283091558748382,41.067873706349594],[-72.217474384090877,41.040610801431804],[-72.162896357344209,41.053186904446584],[-72.126702473794211,41.115138939026352],[-72.084205386219139,41.101524019956756],[-72.095709283670487,41.054020033467758],[-72.05192615541884,41.020506147559445],[-71.959593272083168,41.071237293758799],[-71.856212418435021,41.070598537977347],[-71.936975106453644,41.006137423758823],[-73.208440061734862,40.630882683823458],[-73.351465103465728,40.63049887450309],[-73.640902280820256,40.582822158084227],[-73.774928349109786,40.590758272775332],[-73.940591343152661,40.54289578647537],[-74.057316170590738,40.597545806659092],[-74.112585404500649,40.547602852730243],[-74.260611762737938,40.502435727647864],[-74.249211588481842,40.545063815722038],[-74.216839478812929,40.55861784511557],[-74.2022471089834,40.630902937208596],[-74.086805995206959,40.651595787748512],[-74.047312866701404,40.690465675243111],[-73.938080797128947,40.874698590750221],[-73.893978837147813,40.9971967572775],[-74.694913973837743,41.357422495646496],[-74.73489295548238,41.425817479976828],[-74.982463579771078,41.496467041650774],[-75.043879706755519,41.575094082420954],[-75.074411577189906,41.802190144524644],[-75.113368515334813,41.840697110214428],[-75.263004379418675,41.885108045594855],[-75.341124172069044,41.992770584597231],[-79.761314104608303,41.998807144767909],[-79.761954193198591,42.269857695664577]]]]}},
{"type":"Feature","properties":{"STATEFP":"26","STATENS":"01779789","AFFGEOID":"0400000US26","GEOID":"26","STUSPS":"MI","NAME":"Michigan","LSAD":"00","ALAND":146600952990,"AWATER":103885855702},"geometry":{"type":"MultiPolygon","coordinates":[[[[-84.616220376445497,45.894472015958875],[-84.517895228035144,45.828545034570148],[-84.356020375134975,45.771897324885678],[-84.394038209272253,45.727625231082889],[-84.484128035681223,45.730712030380211],[-84.650783275576444,45.859211977088577],[-84.616220376445497,45.894472015958875]]],[[[-85.701809914146395,45.736130168511828],[-85.651866899319472,45.743140226130727],[-85.524448848763541,45.829795385746294],[-85.360952673644022,45.817555498400388],[-85.509276629737172,45.596476175974452],[-85.561634619999225,45.572214105280402],[-85.622741666260836,45.586029076078454],[-85.701809914146395,45.736130168511828]]],[[[-86.154825537065079,45.002392812804317],[-86.044431158440091,45.159582033346418],[-85.954022325779903,45.119281061156975],[-85.97688439444768,45.06265965962978],[-86.081488424302904,44.99009496877315],[-86.154825537065079,45.002392812804317]]],[[[-86.824827287550093,41.760238800281144],[-86.597897200886706,41.918291207210899],[-86.466258807052427,42.134406291594914],[-86.356214304951138,42.254166326006391],[-86.240638849692047,42.539999919336665],[-86.208305657262102,42.762788614563419],[-86.226301925345638,42.988283179801059],[-86.254642038243787,43.083411414351197],[-86.407829202042706,43.338438811752603],[-86.540785902397303,43.644595994584151],[-86.445122442153206,43.771566799013705],[-86.431197735527604,43.840722692719986],[-86.463136397008398,43.970978558516038],[-86.514702849587053,44.058121457328241],[-86.429871859116318,44.119784244796833],[-86.268711017347727,44.345325660415277],[-86.220696654759323,44.566740496474168],[-86.25395124787849,44.648081033222439],[-86.248474573872585,44.69904405378616],[-86.089185583117086,44.741494739617025],[-86.058862728356374,44.911010977626816],[-85.980219551455008,44.906135211769289],[-85.93160135163194,44.968787461831688],[-85.854305288071544,44.938146618933835],[-85.780440921223857,44.977932170169645],[-85.746446026496571,45.051229601112134],[-85.681097489540392,45.092693534585457],[-85.633125074109387,45.170899627513933],[-85.551072680319564,45.210742603524409],[-85.531461600349132,45.177247468382156],[-85.56613082941989,45.043633135674277],[-85.520034256706126,44.97399594033255],[-85.47520418188499,44.991052946553665],[-85.38065894332324,45.046319389342223],[-85.371593234196368,45.270834912992399],[-85.196703996096417,45.360642224946524],[-84.959118630262381,45.37597440301051],[-84.91295557514708,45.409777456905459],[-85.040935751465454,45.436702315234584],[-85.109251889921268,45.521627308259447],[-85.119736892576782,45.569027327135579],[-85.061487620520353,45.639506318055325],[-84.970949340192448,45.686335336544929],[-85.014508280938571,45.760330288931193],[-84.86697557653153,45.752067602121983],[-84.77276498978064,45.789302854091126],[-84.461679924254426,45.652406133638621],[-84.329537196481724,45.664382377570689],[-84.196043324538792,45.621458532921906],[-84.095905019322345,45.497300525543729],[-83.909471918092137,45.485786688533445],[-83.841542833633483,45.435289701058934],[-83.599272617504226,45.352563356938418],[-83.488825473474847,45.35587418387513],[-83.385103701378327,45.274196580556911],[-83.405913710798728,45.227158595928316],[-83.31592384343476,45.139993250542368],[-83.265895858007809,45.026845024420858],[-83.399254752936756,45.070365654774506],[-83.442051720975812,45.05105787054454],[-83.438855718945163,44.940845062279685],[-83.320502435090063,44.880572830408823],[-83.276834628915935,44.689356701699054],[-83.31451552977758,44.608728113673386],[-83.336985392441719,44.332922906684203],[-83.442728283229314,44.265364903234982],[-83.524814386641651,44.261561745779822],[-83.584085974329042,44.056751450624461],[-83.679649975055526,44.036368304445858],[-83.693209712007459,43.988773296495879],[-83.869402000389655,43.960721935824409],[-83.910608666884499,43.89322276029224],[-83.947734664690856,43.735167521258958],[-83.90947330106917,43.672624720876634],[-83.817888194171886,43.673791903911003],[-83.683344484527822,43.590586847908753],[-83.512334310192912,43.733728445585875],[-83.407141129925563,43.919809775576873],[-83.282305164311751,43.938033440391465],[-83.261525139595733,43.973527710244554],[-83.046571670008518,44.015713311561598],[-83.024598768034409,44.045177459448226],[-82.928878641386063,44.069392775246072],[-82.793199091329384,44.023251059922607],[-82.709832723612479,43.948230096715221],[-82.633634382039048,43.831227979673372],[-82.593778366029824,43.581470733733759],[-82.5399232013757,43.422381697053453],[-82.523078303984718,43.225364666528762],[-82.486033479619948,43.102489788920444],[-82.4159275191098,43.005558752915682],[-82.469901161015983,42.887461746014061],[-82.467470383829962,42.76191155130536],[-82.509922157370156,42.637294312597582],[-82.58398358009859,42.554040340504571],[-82.679047217046786,42.522208778824336],[-82.706359599657205,42.621106754320614],[-82.639689171300134,42.661233301598926],[-82.707873712916637,42.675497326975503],[-82.801011216282518,42.629544693640902],[-82.755915855693985,42.564414054080991],[-82.859305616363955,42.54193391429088],[-82.870336891657573,42.4508864427278],[-82.92396060226892,42.352066253001148],[-83.096512997551287,42.290135877485191],[-83.133915351657976,42.174737613730436],[-83.133503621255414,42.088140337322109],[-83.26951425469602,41.939038742930791],[-83.326017312524741,41.924957796500642],[-83.34155064494793,41.87995260495272],[-83.441662380416034,41.808642414985435],[-83.424070893759193,41.740734217209571],[-83.453827000851049,41.732643359921703],[-84.806077992014949,41.696088510613862],[-84.805879061287968,41.760215455655413],[-86.824827287550093,41.760238800281144]]],[[[-89.221339144377495,47.908068384321709],[-88.816084,48.057006],[-88.631908,48.148307],[-88.425162,48.21065],[-88.427373,48.166764],[-88.55044,48.102111],[-88.579172,48.040758],[-88.852931252847654,47.965322704861627],[-88.898994011663063,47.900685419760471],[-89.157745085124347,47.824014423287103],[-89.2552089394121,47.876101239315311],[-89.221339144377495,47.908068384321709]]],[[[-90.418139177295274,46.566096050743546],[-90.327629671000807,46.607746258118112],[-90.045421887901782,46.668273695706347],[-89.831956541901562,46.804054144532415],[-89.720277109582611,46.830413776014588],[-89.415153975661809,46.84398308620915],[-89.227913946755265,46.912954071086709],[-89.142595007059271,46.984859117374207],[-88.959409107715871,47.008496120973319],[-88.889140262752449,47.100575197806911],[-88.584912572254254,47.242361268650463],[-88.41868065261356,47.371189756183938],[-88.217829821843921,47.448740664885896],[-87.801189647046783,47.473305094870966],[-87.59150256922922,47.424117270323293],[-87.604708506464775,47.388629173105905],[-87.941619376303763,47.390076445149766],[-87.943366217152757,47.335902289227867],[-88.194218693721893,47.209242225050858],[-88.239895707062132,47.139436211369009],[-88.340052695908838,47.080494202895011],[-88.455404772890375,46.923321179229823],[-88.477935859301866,46.850560174668047],[-88.143688682573824,46.96666515255756],[-88.065192647352248,46.918563131070734],[-87.900339510596709,46.909686107729861],[-87.687164287401458,46.841742069737649],[-87.595307172293587,46.782950051612907],[-87.573203112349688,46.720471040600351],[-87.503024997232046,46.647497030381707],[-87.38164887097912,46.580059015922508],[-87.366766811356726,46.507303008989503],[-87.1750646964624,46.497547993021094],[-86.976957641533843,46.52658097217784],[-86.90374159537636,46.466137960449508],[-86.810966570357351,46.449662948384791],[-86.750156568437902,46.479108940945608],[-86.695644608425496,46.555025936118696],[-86.557730561423611,46.487433915396892],[-86.459929594442045,46.551927903368252],[-86.138295943484906,46.672936488198602],[-85.482096775496885,46.680433732905122],[-85.256860942652452,46.753382022032334],[-84.964656610465013,46.772848408967171],[-85.028294689309305,46.67512755435893],[-85.027376029532363,46.553757995651793],[-84.969464989372824,46.476292166142343],[-84.849766755214787,46.460248626226807],[-84.678421413703049,46.48769925544773],[-84.493399840299972,46.440317574359149],[-84.42027121151672,46.501081939264964],[-84.293011713288948,46.492807102800235],[-84.193724477725212,46.539923767610361],[-84.117920994499073,46.517622343876432],[-84.138904211688939,46.372224210705419],[-84.097766190023052,46.256515265096176],[-84.114941726552701,46.174117043027294],[-83.882304127882307,46.042068118472415],[-83.815826216635685,46.108532592549132],[-83.598610567572806,46.090089131981863],[-83.480637326995804,45.996168122082061],[-83.526345896153018,45.91863975759064],[-83.583051365674507,45.915922562052728],[-83.657659960334598,45.945466364686887],[-83.801040979737067,45.937584965020761],[-84.080072626282487,45.970824729721905],[-84.376429648656725,45.931964388123973],[-84.480436619462552,45.977766207957771],[-84.632855525598004,45.951009029781559],[-84.734002394858024,45.907027934053566],[-84.706383234021786,45.848659940426209],[-84.79276316833483,45.858692832419067],[-85.003597565708844,46.006131646969749],[-85.381394721425025,46.082045528276062],[-85.540858906797908,46.079582417278722],[-85.697203971065122,45.96015935941282],[-85.810442968185995,45.980088418028444],[-85.913769879254218,45.919440459852268],[-86.072067887868926,45.965314605470908],[-86.278006587715723,45.942056929380577],[-86.349133648466719,45.83415995002629],[-86.541429742578487,45.708109969546193],[-86.61697186801517,45.620580985434231],[-86.636894983889562,45.542052998992759],[-86.712327876238987,45.610938984034597],[-86.705183757224106,45.69090097142211],[-86.647318698847144,45.732617964621959],[-86.773278634226685,45.811384957659044],[-86.838745746339669,45.722306962340603],[-86.964274894226421,45.672760959653111],[-87.070441812035838,45.71877895535512],[-87.172240870948414,45.661787956256589],[-87.350852192377488,45.407743073919143],[-87.548964417125461,45.191591673019389],[-87.590208894021529,45.095265011751842],[-87.648191701222487,45.10636895082515],[-87.74180478339126,45.197051639537847],[-87.657348670410258,45.368752201856111],[-87.706766538246512,45.383827161133354],[-87.750927401025649,45.355037222438781],[-87.863488043893909,45.353019937399665],[-87.847428237204781,45.444176819091432],[-87.80577236836389,45.473138841378358],[-87.777670681304784,45.609203886603453],[-87.824675769915032,45.653210847590898],[-87.781006818213129,45.673933915459216],[-87.879812081879024,45.75484284255522],[-87.966970176438878,45.764020744714777],[-87.995876229293273,45.795434718126955],[-88.10551835049786,45.798838498706537],[-88.135067413571718,45.821693459016302],[-88.073944398979535,45.875592608226995],[-88.115346517924422,45.922210577481557],[-88.526675923017223,46.020821533495358],[-88.657763115575094,45.989287036190845],[-88.739997307066261,46.027308486310382],[-88.811950917319678,46.021609645402421],[-89.09163117521112,46.138505559478652],[-90.120491117756444,46.336853605349276],[-90.21487030390135,46.499949195222293],[-90.331890873495837,46.553280217943581],[-90.387231514887262,46.53366508614463],[-90.418139177295274,46.566096050743546]]]]}},
{"type":"Feature","properties":{"STATEFP":"16","STATENS":"01779783","AFFGEOID":"0400000US16","GEOID":"16","STUSPS":"ID","NAME":"Idaho","LSAD":"00","ALAND":214049787659,"AWATER":2391722557},"geometry":{"type":"Polygon","coordinates":[[[-117.243026625101393,44.390973996099511],[-117.215071752153662,44.427162150359507],[-117.225931762103883,44.479389192863771],[-117.142929972233347,44.557236097266653],[-117.06227311318365,44.727142978518494],[-116.931800104860571,44.7871809277841],[-116.865338184345944,44.870598845946304],[-116.833632218818522,44.928975792066566],[-116.858313212340548,44.97876075312417],[-116.841314283686359,45.030906728538383],[-116.754643425703762,45.113971721442169],[-116.674648630232383,45.314341739805201],[-116.463504421370516,45.615784757451273],[-116.528272352107081,45.681472737850235],[-116.535698282080659,45.734230736657459],[-116.593004272049399,45.778540706225478],[-116.665344252608307,45.781997701722879],[-116.787520396011885,45.840203540496631],[-116.859795564495215,45.90726329176448],[-116.942656645589295,46.060998835584989],[-116.981962676341894,46.084913716473707],[-116.923958751607742,46.170918636703632],[-116.962966784278152,46.19967852127607],[-116.96437984356416,46.253280418007094],[-116.997261010004195,46.303149368519719],[-117.062749257085201,46.353622308363526],[-117.035546391272973,46.410010314542177],[-117.032352700533863,48.9991859952599],[-116.049195034898304,49.000909671521811],[-116.049155046471085,47.999921031757133],[-115.900935908659847,47.843062466964724],[-115.845475867479664,47.814965519436051],[-115.835367382545328,47.760955796548167],[-115.723772304735462,47.696669823877059],[-115.736272395739164,47.654760888576043],[-115.694286341613847,47.623458886028843],[-115.717026525497658,47.532692022812576],[-115.634686527568434,47.481758915887767],[-115.692932492628941,47.457235998056412],[-115.710342425367799,47.417782999830571],[-115.578621287257775,47.367005818273654],[-115.470961113587862,47.284871708223179],[-115.326905202067024,47.255910482820731],[-115.03165193985491,46.971545590521714],[-114.927432700515794,46.914182256251117],[-114.943281452810652,46.867968251161578],[-114.880588140562466,46.811788026084812],[-114.790039924852081,46.778725747425312],[-114.767179783006426,46.738824665388755],[-114.626694958284787,46.712885217071673],[-114.621483075620006,46.658139372474736],[-114.54732109772344,46.644481241782664],[-114.360709628277874,46.669055301098801],[-114.320665759517922,46.646959536363354],[-114.351655519346295,46.508116366387085],[-114.40301940062578,46.49867224314179],[-114.384756520591765,46.411782027626685],[-114.422458414471947,46.387095045908012],[-114.445928113311098,46.173932464547427],[-114.514705678315337,46.167725036402615],[-114.521299456698131,46.125286252921349],[-114.460048671401637,46.097103849246963],[-114.48024006280707,46.030325089937129],[-114.402261488265879,45.961490006385546],[-114.413168547526354,45.911479903747214],[-114.388244014751706,45.882341091299011],[-114.517142990508418,45.83599321776974],[-114.562509527397708,45.7799271019081],[-114.5048698401839,45.722176347053953],[-114.499638157678092,45.669035297663328],[-114.535771275682293,45.650613151747692],[-114.538133524647449,45.60683409824194],[-114.506342812828962,45.559216134410086],[-114.368522466420941,45.492716412702826],[-114.279219646641039,45.480616620143415],[-114.251838713754253,45.537812889528418],[-114.186472529547601,45.545539995652184],[-114.083151016744651,45.603997315213988],[-114.01497451017903,45.654009538070163],[-114.015634310400344,45.69612867739594],[-113.971566174409631,45.700637648652581],[-113.806730502053526,45.602147241763902],[-113.802850889314755,45.523160152521498],[-113.759987894301219,45.4807360983854],[-113.763369728917326,45.427732968782536],[-113.73239152192761,45.385058852271868],[-113.735602339138737,45.325265717110028],[-113.574670878596422,45.128411439351581],[-113.451970779309406,45.059247434831519],[-113.43772675084999,45.006967447378685],[-113.474573677124809,44.910846578955663],[-113.422376605207546,44.842595616483329],[-113.301508562699667,44.798985569208369],[-113.247166580541858,44.822950499779175],[-113.131387892530199,44.764738437859165],[-113.049350395565781,44.62938061842069],[-113.061072465985944,44.577329751751471],[-113.006829732256179,44.518439750179596],[-113.00684778133558,44.47171581869285],[-112.881771568883565,44.380315819944222],[-112.821898845250956,44.407436741367306],[-112.828193959144741,44.442472700374296],[-112.7078184904734,44.503023617648878],[-112.473210423258863,44.480027830277727],[-112.387392174093847,44.448058721563427],[-112.358920190112059,44.528847545469894],[-112.286190174273358,44.568472237311482],[-112.12510345086659,44.528526332393511],[-111.870506451508618,44.564030823044753],[-111.807915708502776,44.511712659217906],[-111.704220511132064,44.560202242645389],[-111.562817249859648,44.555205958721764],[-111.51912958768844,44.582913567232993],[-111.438797077244729,44.720547274732908],[-111.385009136480491,44.755130087387677],[-111.32367311161471,44.724476146821601],[-111.122657489363505,44.493659264333751],[-111.048977715380161,44.474069101005746],[-111.046690321734758,42.001569753487416],[-117.026195978877595,41.999888606547039],[-117.023577198722194,43.823811007597286],[-116.976024106792167,43.895547999465343],[-116.937341999226362,44.029375999737518],[-116.977350859422032,44.085363994579218],[-116.895930861824922,44.154294993023669],[-116.902751814240332,44.17946699118248],[-116.965497696026134,44.194125985659618],[-116.97195761726104,44.235676981530396],[-117.059351605276063,44.237243998059839],[-117.121036650536951,44.277585022121137],[-117.170341652816418,44.258890028505476],[-117.216973689432407,44.288357061294874],[-117.192202708558014,44.32863007626991],[-117.243026625101393,44.390973996099511]]]}},
{"type":"Feature","properties":{"STATEFP":"12","STATENS":"00294478","AFFGEOID":"0400000US12","GEOID":"12","STUSPS":"FL","NAME":"Florida","LSAD":"00","ALAND":138949136250,"AWATER":31361101223},"geometry":{"type":"MultiPolygon","coordinates":[[[[-81.812538706081725,24.545467103381377],[-81.7512690295585,24.653515243785101],[-81.443513649552273,24.81336347934397],[-81.305057903032605,24.755184577540486],[-81.243235670081447,24.673997560447596],[-81.401892646562814,24.623543090753255],[-81.443918727539,24.642676013408831],[-81.68524596504821,24.558674451766159],[-81.812538706081725,24.545467103381377]]],[[[-82.028093460051224,24.498713410509474],[-81.983910689486947,24.580679516804842],[-81.868713772464645,24.584117897240407],[-81.918857511823688,24.498128761066379],[-82.028093460051224,24.498713410509474]]],[[[-82.188033638859977,24.574696020291846],[-82.14410175620614,24.622478132523376],[-82.086645690108341,24.590068260123626],[-82.100759548434169,24.53328522478883],[-82.179456538433584,24.529467027936491],[-82.188033638859977,24.574696020291846]]],[[[-87.592062755784966,30.951454125692347],[-87.598935709589554,30.997416076080423],[-85.002498776059937,31.000680406185577],[-84.935697422510245,30.878701522903306],[-84.918149039790592,30.772080501719767],[-84.864691224532407,30.711540081903088],[-82.218604873597442,30.564390182497792],[-82.229424829307831,30.520808953868372],[-82.180041123382907,30.368606437540191],[-82.094707208263756,30.360762876315501],[-82.04076425215176,30.370141053941765],[-82.028230253684811,30.447381681216307],[-82.015726455802323,30.601694422148615],[-82.049527446350126,30.655540241833005],[-82.032665656865078,30.750670289944228],[-81.943185572270764,30.827433265404025],[-81.73223654625869,30.749631866852557],[-81.427418370908129,30.698017376298015],[-81.434061684190226,30.522566708269718],[-81.256707991501202,29.784691369341726],[-80.966172908029264,29.147958080986538],[-80.58388051295195,28.597703295145536],[-80.525090365056116,28.459452368994054],[-80.587809301097423,28.410854327296171],[-80.606870213276693,28.336482354345417],[-80.589971033483906,28.177988449444989],[-80.5476708954711,28.048793545641484],[-80.383690703052139,27.740043655291686],[-80.046260460083388,26.859236727428218],[-80.035360696040158,26.612344697964637],[-80.109564590376166,26.087163875844634],[-80.1099521888803,25.81825894163709],[-80.154971708171388,25.665489120529763],[-80.229106442366856,25.732508360087845],[-80.301463895123391,25.613298610767089],[-80.337049492971033,25.465620825831525],[-80.310360863029885,25.389706869967345],[-80.234849778190437,25.421959590199364],[-80.176024304747983,25.521153234868795],[-80.163156631841872,25.452183292482474],[-80.358184592167675,25.153228462118669],[-80.6511906490705,24.86613218554006],[-80.966247644821848,24.707852512605275],[-81.103376152115743,24.66946299927503],[-81.148721378705389,24.710476958541239],[-80.847472867504834,24.851754228213501],[-80.610870517409083,25.006996249512966],[-80.516572400231198,25.095457939316489],[-80.495395169404802,25.199808675352948],[-80.650532932304543,25.189098070541423],[-80.747746902795058,25.147442334754199],[-80.812133776974349,25.18604052549961],[-80.915924970203974,25.141302901796731],[-81.079860156965779,25.118799149329504],[-81.17090730166916,25.245859474884764],[-81.146764437311333,25.407579270333461],[-81.289898744953021,25.673555865614293],[-81.355983367678462,25.703527784259013],[-81.3838069715232,25.776752604805257],[-81.614731357298339,25.89397826316624],[-81.672629409873693,25.8566552280674],[-81.727082403192838,25.907208036946994],[-81.84455134768956,26.327712339763618],[-81.923607240070311,26.436658338431073],[-82.013909162306902,26.452058284125577],[-82.075011168479961,26.422059245311768],[-82.180713039167301,26.476257200739532],[-82.245390905938478,26.601093994982566],[-82.264677883989449,26.756835731814295],[-82.314273204003328,26.858383850116745],[-82.539715926545853,27.254326164168763],[-82.743013390096053,27.531085045588821],[-82.650716302934356,27.52311400119579],[-82.514261545130921,27.705586851701504],[-82.431975928971141,27.768090758517538],[-82.448782177029244,27.810034697853098],[-82.553942731945668,27.848460651155989],[-82.733072390836526,27.61297078871441],[-82.746219392842505,27.731304401765865],[-82.846522572921614,27.854299002752683],[-82.828159912550774,28.020127887944195],[-82.85962126877719,28.174133081719702],[-82.764100719100114,28.244343785528333],[-82.665053004358754,28.484432925962196],[-82.668720254642594,28.695656730484256],[-82.712371273430321,28.720919664707651],[-82.730243246136311,28.850153718483398],[-82.688862176834547,28.905607756597121],[-82.75937613894007,29.006617869694139],[-82.759701991249514,29.054190860211879],[-82.823656614031506,29.098900773373643],[-82.798873660148288,29.114502801911488],[-82.827070426434133,29.15842376534621],[-82.996140763225853,29.178072581807186],[-83.016244859215021,29.125369521352106],[-83.053203787966638,29.130837424905526],[-83.074730508055978,29.247973381230036],[-83.169572531627821,29.290353016259999],[-83.175514665139218,29.344687873661606],[-83.240505790603734,29.433175470377019],[-83.294743806389377,29.437920365455035],[-83.307824880039988,29.468858278862314],[-83.401549034236936,29.523288068850249],[-83.414698365042469,29.670532892581335],[-83.537642603449967,29.723056846194925],[-83.679217284522963,29.918510442985291],[-83.93150867730408,30.039065736333395],[-84.00071471873116,30.096206754794874],[-84.20800842453643,30.084773745432514],[-84.366113221121651,30.008659764860425],[-84.333744186440313,29.923718700399167],[-84.349064142824318,29.896809678622052],[-84.470321027954569,29.924521700217451],[-84.535870927494315,29.910089659635169],[-84.577437837906913,29.887825613914231],[-84.564973774746846,29.810177573518068],[-84.692616426684992,29.763036507097507],[-84.776951059244581,29.692188513899808],[-85.045070042807964,29.586988458279201],[-85.259714510790502,29.681293087261963],[-85.352610484268908,29.65978405385713],[-85.41654370755802,29.842624850626972],[-85.384725860854218,29.920945915743758],[-85.487760006440112,29.96122371167219],[-85.601174634079698,30.056338813523457],[-85.811216156717975,30.178316581072774],[-85.999934518948322,30.270776624687876],[-86.22255884389476,30.343580932651061],[-86.632952009569792,30.396293601223078],[-87.518322658437626,30.280429489643694],[-87.452280902514914,30.344091598561945],[-87.431783031519274,30.403187625848862],[-87.36660019223612,30.436637678028294],[-87.414684139420999,30.457283640590379],[-87.444721147887478,30.507478620020301],[-87.400187993922586,30.657195559072218],[-87.523619950118217,30.738279392298576],[-87.634941767778258,30.86585116392876],[-87.592062755784966,30.951454125692347]]]]}},
{"type":"Feature","properties":{"STATEFP":"17","STATENS":"01779784","AFFGEOID":"0400000US17","GEOID":"17","STUSPS":"IL","NAME":"Illinois","LSAD":"00","ALAND":143780567633,"AWATER":6214824948},"geometry":{"type":"Polygon","coordinates":[[[-91.506261176218104,40.200152315616151],[-91.469655680205747,40.322406129134556],[-91.372920780517831,40.399105188333706],[-91.367875594379981,40.510476303538361],[-91.394474355893948,40.534540349915645],[-91.37425101338728,40.582587602130658],[-91.339717860854932,40.613485860334684],[-91.186979055306111,40.637295304272989],[-91.120819052705684,40.67277546954498],[-91.092992065072437,40.821077784152884],[-90.952232834903938,40.954045824973804],[-90.957245475722175,41.11108446615016],[-91.114184902329512,41.250029533537578],[-91.027785111116344,41.423603197407843],[-90.701156333837304,41.454742347343682],[-90.571133202341827,41.516331158352834],[-90.461429203294173,41.523531981943449],[-90.339525526148918,41.598631691494418],[-90.310706189896464,41.742212352054686],[-90.180641811425758,41.811977178433281],[-90.140612100873255,41.995996678424298],[-90.161157976570863,42.106370035179253],[-90.400652840571169,42.239291689581805],[-90.446319825333816,42.357040816770592],[-90.646728088287531,42.471904631465527],[-90.642844096868373,42.508481892209986],[-87.800470729488438,42.491921745280713],[-87.834763544291377,42.301521919327215],[-87.800060632497761,42.208023343313393],[-87.682354419033501,42.075727955091573],[-87.609447159948772,41.845231621067406],[-87.524138236896121,41.723988505856973],[-87.531648038924416,39.347885973975785],[-87.60039897407745,39.312901899698879],[-87.577030909652208,39.211120954076577],[-87.640436773203703,39.16672488337349],[-87.625380648059235,39.101803891595253],[-87.572589657641146,39.057283939777221],[-87.579118549095611,39.001604926430076],[-87.529497527180268,38.971922923048602],[-87.54737099645962,38.875611733502758],[-87.498948456812883,38.757771524123974],[-87.545538230534092,38.677610486971965],[-87.620120088936616,38.639486433073735],[-87.654165852158144,38.51190830802701],[-87.71404678332523,38.479877224325968],[-87.831971829943768,38.307238125419637],[-87.968967948748471,38.237386012999714],[-87.975818910239255,38.197831109008952],[-87.927467807026346,38.151943296954627],[-87.9887697544101,38.055588461692913],[-88.030883703535764,38.030710516497557],[-88.016310641891636,37.961571693886128],[-88.0673635158237,37.856048921815741],[-88.02802947522656,37.799222093586607],[-88.160061249829567,37.654330088435515],[-88.13162112680601,37.572965999903936],[-88.072241090398379,37.528823898732774],[-88.062293052244939,37.487834843941783],[-88.281665986016307,37.452594088148118],[-88.358435028733453,37.404858173457747],[-88.418593050984029,37.421985241583215],[-88.465860049498716,37.400545294758778],[-88.514659941000502,37.290946345472641],[-88.424774745356729,37.149899294461513],[-88.476125512192695,37.068221471208652],[-88.531574589036296,37.067190443573622],[-88.931744180446614,37.227591649634078],[-89.000967226170658,37.224399725672797],[-89.058035195669845,37.188765660094987],[-89.168085737957554,37.074216563646985],[-89.128897635539929,37.017906435435222],[-89.132913561090817,36.982055424971776],[-89.359454353002207,37.042605097940914],[-89.456103989820207,37.188119075895763],[-89.470524264157888,37.253355912786546],[-89.517031338483307,37.281919017730736],[-89.495159429056997,37.32479409828008],[-89.428184543524907,37.35615713948367],[-89.425939656226305,37.407470265350021],[-89.512399906330472,37.529809568759795],[-89.494050926001762,37.580115659544553],[-89.521947946749293,37.696474871987306],[-89.667993011393534,37.759481268566304],[-89.69655936183274,37.814334325472302],[-89.851049036652668,37.903977587998178],[-89.92318596891991,37.87066962570804],[-89.974222099142111,37.919214622749116],[-89.954911205629998,37.96664458860819],[-90.008354179063915,37.970176565469892],[-90.218708984179273,38.094362042665871],[-90.363927123601201,38.236351525117819],[-90.372520017473875,38.323350209612109],[-90.349743958214702,38.377604993694668],[-90.184511191659297,38.611546517706273],[-90.209911437933144,38.726045750572467],[-90.117709067395552,38.805743933885765],[-90.11332931119918,38.849302100599715],[-90.395817298608677,38.960033803093332],[-90.467784653213641,38.9618058669476],[-90.555693587111833,38.870781691985847],[-90.657254772286251,38.92026683320735],[-90.713629969558468,39.053974364161746],[-90.681087058293514,39.100587641002228],[-90.729961372248042,39.255892485496759],[-91.038270499598227,39.448434473664307],[-91.100307397054138,39.538693542762957],[-91.148275289683809,39.54579653194638],[-91.174232273625549,39.591973451989773],[-91.367752962957951,39.729027226462044],[-91.361571000060664,39.787546091920646],[-91.436050830207833,39.8455079431128],[-91.428955848117383,39.907726790556609],[-91.48406373128519,40.019329554133805],[-91.506261176218104,40.200152315616151]]]}},
{"type":"Feature","properties":{"STATEFP":"30","STATENS":"00767982","AFFGEOID":"0400000US30","GEOID":"30","STUSPS":"MT","NAME":"Montana","LSAD":"00","ALAND":376962738765,"AWATER":3869208832},"geometry":{"type":"Polygon","coordinates":[[[-116.049195034898304,49.000909671521811],[-104.048735946091455,48.999876776548959],[-104.039139465803316,44.998523155234459],[-111.044278769666732,45.001348022865123],[-111.048977715380161,44.474069101005746],[-111.122657489363505,44.493659264333751],[-111.32367311161471,44.724476146821601],[-111.385009136480491,44.755130087387677],[-111.438797077244729,44.720547274732908],[-111.51912958768844,44.582913567232993],[-111.562817249859648,44.555205958721764],[-111.704220511132064,44.560202242645389],[-111.807915708502776,44.511712659217906],[-111.870506451508618,44.564030823044753],[-112.12510345086659,44.528526332393511],[-112.286190174273358,44.568472237311482],[-112.358920190112059,44.528847545469894],[-112.387392174093847,44.448058721563427],[-112.473210423258863,44.480027830277727],[-112.7078184904734,44.503023617648878],[-112.828193959144741,44.442472700374296],[-112.821898845250956,44.407436741367306],[-112.881771568883565,44.380315819944222],[-113.00684778133558,44.47171581869285],[-113.006829732256179,44.518439750179596],[-113.061072465985944,44.577329751751471],[-113.049350395565781,44.62938061842069],[-113.131387892530199,44.764738437859165],[-113.247166580541858,44.822950499779175],[-113.301508562699667,44.798985569208369],[-113.422376605207546,44.842595616483329],[-113.474573677124809,44.910846578955663],[-113.43772675084999,45.006967447378685],[-113.451970779309406,45.059247434831519],[-113.574670878596422,45.128411439351581],[-113.735602339138737,45.325265717110028],[-113.73239152192761,45.385058852271868],[-113.763369728917326,45.427732968782536],[-113.759987894301219,45.4807360983854],[-113.802850889314755,45.523160152521498],[-113.806730502053526,45.602147241763902],[-113.971566174409631,45.700637648652581],[-114.015634310400344,45.69612867739594],[-114.01497451017903,45.654009538070163],[-114.083151016744651,45.603997315213988],[-114.186472529547601,45.545539995652184],[-114.251838713754253,45.537812889528418],[-114.279219646641039,45.480616620143415],[-114.368522466420941,45.492716412702826],[-114.506342812828962,45.559216134410086],[-114.538133524647449,45.60683409824194],[-114.535771275682293,45.650613151747692],[-114.499638157678092,45.669035297663328],[-114.5048698401839,45.722176347053953],[-114.562509527397708,45.7799271019081],[-114.517142990508418,45.83599321776974],[-114.388244014751706,45.882341091299011],[-114.413168547526354,45.911479903747214],[-114.402261488265879,45.961490006385546],[-114.48024006280707,46.030325089937129],[-114.460048671401637,46.097103849246963],[-114.521299456698131,46.125286252921349],[-114.514705678315337,46.167725036402615],[-114.445928113311098,46.173932464547427],[-114.422458414471947,46.387095045908012],[-114.384756520591765,46.411782027626685],[-114.40301940062578,46.49867224314179],[-114.351655519346295,46.508116366387085],[-114.320665759517922,46.646959536363354],[-114.360709628277874,46.669055301098801],[-114.54732109772344,46.644481241782664],[-114.621483075620006,46.658139372474736],[-114.626694958284787,46.712885217071673],[-114.767179783006426,46.738824665388755],[-114.790039924852081,46.778725747425312],[-114.880588140562466,46.811788026084812],[-114.943281452810652,46.867968251161578],[-114.927432700515794,46.914182256251117],[-115.03165193985491,46.971545590521714],[-115.326905202067024,47.255910482820731],[-115.470961113587862,47.284871708223179],[-115.578621287257775,47.367005818273654],[-115.710342425367799,47.417782999830571],[-115.692932492628941,47.457235998056412],[-115.634686527568434,47.481758915887767],[-115.717026525497658,47.532692022812576],[-115.694286341613847,47.623458886028843],[-115.736272395739164,47.654760888576043],[-115.723772304735462,47.696669823877059],[-115.835367382545328,47.760955796548167],[-115.845475867479664,47.814965519436051],[-115.900935908659847,47.843062466964724],[-116.049155046471085,47.999921031757133],[-116.049195034898304,49.000909671521811]]]}},
{"type":"Feature","properties":{"STATEFP":"27","STATENS":"00662849","AFFGEOID":"0400000US27","GEOID":"27","STUSPS":"MN","NAME":"Minnesota","LSAD":"00","ALAND":206228939448,"AWATER":18945217189},"geometry":{"type":"Polygon","coordinates":[[[-97.229041080652038,49.000689730553084],[-95.153720574621289,48.998907873255142],[-95.153314,49.384358],[-95.058423114133433,49.353175506721108],[-94.952130035870425,49.368685565107661],[-94.816238826475683,49.320994941961636],[-94.774240551886152,49.125002153837968],[-94.750233015484895,49.099771346925053],[-94.750228225955752,49.000000129626542],[-94.718941874797522,48.999999211972039],[-94.683075789085635,48.883935999333048],[-94.694316710102171,48.789357964280306],[-94.508863772808937,48.70036656553313],[-94.281797612124066,48.705259629703448],[-94.250191170851636,48.656327325899213],[-93.844006650521962,48.629398826953668],[-93.805267947590593,48.570302345339194],[-93.815175640958969,48.526511039871444],[-93.67456489659169,48.516299811573383],[-93.467500136143499,48.545666840557892],[-93.464304349132192,48.591795106171929],[-93.347524107478961,48.626623210619407],[-92.954869874882519,48.631495309707432],[-92.728036865428862,48.539289686851902],[-92.634920544175358,48.542872191766904],[-92.657090974008014,48.466913654259976],[-92.575625069814421,48.440824948866933],[-92.514898191961038,48.448310690901366],[-92.456312817204577,48.414201057593694],[-92.46993658028498,48.351832533934726],[-92.369163791281849,48.22026426821968],[-92.314653315040417,48.240522960197772],[-92.295398891760897,48.32395303981211],[-92.262266198356471,48.354929061532111],[-92.055214566437272,48.35920878300935],[-92.000120022558335,48.32135080730113],[-91.980760088699824,48.247796997888699],[-91.714925041901935,48.199126818305544],[-91.692361093012153,48.119328400019363],[-91.559269268309535,48.108267075812449],[-91.542509810761842,48.053267844213075],[-91.250113510164837,48.084087523177821],[-91.035555150452552,48.189459862006366],[-90.843629720060804,48.243577583470667],[-90.775969007430646,48.122229867276694],[-90.703709487083131,48.096009487086306],[-90.566121356847674,48.122620448150279],[-90.13620149546486,48.112138437824413],[-90.029636188840783,48.087590880948937],[-89.973442888178496,48.02035292890897],[-89.868161586338786,47.989900670710476],[-89.749320893940421,48.023327346110193],[-89.489226,48.014528],[-89.974305769541658,47.830517412246898],[-90.421399105704012,47.735151671586891],[-90.735934424721606,47.624342492269939],[-91.023127493890286,47.464963932519026],[-91.456965384123109,47.139156879104455],[-92.06208947637036,46.804039472345785],[-92.015292025522371,46.706471051349887],[-92.143338929537578,46.731597648926694],[-92.205492394392479,46.664742509845951],[-92.292192056077184,46.663243197546194],[-92.294033855429902,46.074378723986214],[-92.338239792312223,46.05215075241086],[-92.351760836804118,46.015686871019319],[-92.392681721093354,46.019541844825092],[-92.47276145952209,45.972954090701684],[-92.545682285489193,45.970119890372828],[-92.656124886681809,45.924443548818495],[-92.721127565879343,45.883806325637238],[-92.776495127077482,45.79001529425225],[-92.869688308621875,45.715142860619949],[-92.881135482040747,45.57340954119244],[-92.756905256655585,45.557499817283251],[-92.646767532121075,45.43793031414198],[-92.698967283501943,45.336375322820224],[-92.761868815053916,45.284939295389201],[-92.766932980350816,45.195112266072748],[-92.740509878209465,45.113397168212721],[-92.802911831407144,45.065403911118892],[-92.761904826925417,45.022467919581736],[-92.750802566399344,44.941567754752185],[-92.805286920780546,44.768361346301646],[-92.549279335298323,44.577704570385833],[-92.361517070239771,44.558935531582087],[-92.314070083752284,44.538014428869161],[-92.29100427235737,44.485464270144959],[-92.232471382246686,44.445434196154849],[-91.963599291873422,44.362112379092785],[-91.916190356782266,44.318094488193047],[-91.892697709774382,44.231105503947951],[-91.817302001155497,44.164235608658643],[-91.719097197137529,44.128853874008911],[-91.573283521626337,44.026902427126132],[-91.440536176523167,44.001502698350933],[-91.291001475460149,43.852734200081997],[-91.243954530061131,43.773047018856218],[-91.273251705872099,43.666623656934455],[-91.217705608780321,43.500551679333235],[-96.453264580425014,43.500389403758504],[-96.457783936426111,45.307610147812746],[-96.521789842018876,45.375645005960543],[-96.710788984939271,45.436929760639252],[-96.851623990366434,45.619411943418477],[-96.826162897417859,45.654164027656499],[-96.672667494821781,45.732336399461907],[-96.587095206598519,45.816445571943845],[-96.554509201292078,46.083978487523638],[-96.601042447975757,46.319554311446069],[-96.709097014356431,46.435294035257506],[-96.74443794831987,46.565959929341723],[-96.790525214299521,46.636880076710497],[-96.76397531024503,46.91250725379944],[-96.833506288972941,47.010110203337518],[-96.819080237057108,47.081152232339406],[-96.854074921813805,47.572010371924726],[-97.146746611228721,48.168556717977019],[-97.129534985767251,48.257815886333951],[-97.149126210826154,48.532306408587317],[-97.100012478733433,48.66792816919866],[-97.227856294733357,48.94586665174571],[-97.229041080652038,49.000689730553084]]]}},
{"type":"Feature","properties":{"STATEFP":"18","STATENS":"00448508","AFFGEOID":"0400000US18","GEOID":"18","STUSPS":"IN","NAME":"Indiana","LSAD":"00","ALAND":92789302676,"AWATER":1538002829},"geometry":{"type":"Polygon","coordinates":[[[-88.059470658429902,37.866685502143916],[-88.016310641891636,37.961571693886128],[-88.030883703535764,38.030710516497557],[-87.9887697544101,38.055588461692913],[-87.927467807026346,38.151943296954627],[-87.975818910239255,38.197831109008952],[-87.968967948748471,38.237386012999714],[-87.831971829943768,38.307238125419637],[-87.71404678332523,38.479877224325968],[-87.654165852158144,38.51190830802701],[-87.620120088936616,38.639486433073735],[-87.545538230534092,38.677610486971965],[-87.498948456812883,38.757771524123974],[-87.54737099645962,38.875611733502758],[-87.529497527180268,38.971922923048602],[-87.579118549095611,39.001604926430076],[-87.572589657641146,39.057283939777221],[-87.625380648059235,39.101803891595253],[-87.640436773203703,39.16672488337349],[-87.577030909652208,39.211120954076577],[-87.60039897407745,39.312901899698879],[-87.531648038924416,39.347885973975785],[-87.524041145213289,41.708333545010198],[-87.470739086022277,41.672833563865751],[-87.415813547104435,41.688181454336302],[-87.365436642023994,41.629534490290276],[-87.261534424801354,41.620334316512235],[-87.027887445230633,41.67465944138592],[-86.824827287550093,41.760238800281144],[-84.805879061287968,41.760215455655413],[-84.820154633386252,39.105479516211844],[-84.897168798245389,39.05240659386677],[-84.832614834703193,38.961460070253793],[-84.877759704749465,38.920357114915525],[-84.786403663486681,38.882220824275819],[-84.812874405237793,38.786088320456052],[-84.962532125112489,38.778035030678176],[-85.187275588026466,38.687608500725993],[-85.275451823104632,38.741171533651723],[-85.448860624666025,38.71336710229464],[-85.415598312826575,38.546340156206192],[-85.433134319464514,38.523913147503698],[-85.498864462555701,38.468241083727634],[-85.587756448411994,38.450494069044922],[-85.683559180274813,38.295467891364851],[-85.750959826960866,38.26786890688031],[-85.81616188352811,38.282967849423279],[-85.89476180954162,38.188467664467879],[-85.922392859733407,38.028677485737653],[-86.03338404913471,37.970380330379555],[-86.095764176756518,38.008928361626495],[-86.206437407931617,38.021874318793166],[-86.321272512194398,38.14741630335083],[-86.38721459953311,38.124630262090236],[-86.471901630794179,38.046216151902058],[-86.521823667947572,38.038325116343621],[-86.509366523030309,37.902884981717499],[-86.599846633300771,37.906751964627944],[-86.615213595000725,37.85285490615847],[-86.722245760614257,37.892645922179454],[-86.810911974440216,37.997147959035907],[-86.927745999025504,37.934953788179364],[-87.010314060415482,37.919665697651283],[-87.105613017436426,37.767628637147986],[-87.180062225246317,37.841372558490143],[-87.41858470670158,37.944760702447624],[-87.551276677957333,37.925415856941299],[-87.608478519165601,37.898791931134362],[-87.625850368167477,37.851916975493559],[-87.68163235520997,37.855915018458013],[-87.723634393866291,37.892056040055643],[-87.80801239836444,37.875189035520997],[-87.872539506286842,37.920996930959056],[-87.921743531875038,37.907882906461758],[-87.938127503712153,37.870648970729832],[-87.903803414100807,37.817760083122785],[-87.970261433207739,37.781854169779216],[-88.02802947522656,37.799222093586607],[-88.059470658429902,37.866685502143916]]]}},
{"type":"Feature","properties":{"STATEFP":"25","STATENS":"00606926","AFFGEOID":"0400000US25","GEOID":"25","STUSPS":"MA","NAME":"Massachusetts","LSAD":"00","ALAND":20205125364,"AWATER":7129925486},"geometry":{"type":"MultiPolygon","coordinates":[[[[-70.27552624868234,41.310464935983369],[-70.07913342851171,41.319505165824253],[-70.049053644971579,41.391703068853566],[-69.984869599279762,41.358819200708488],[-69.960181353415138,41.264547389244136],[-70.015225251018094,41.237965375420373],[-70.211479185848361,41.248766132177629],[-70.27552624868234,41.310464935983369]]],[[[-70.833801882320472,41.35338612661014],[-70.757796844492077,41.365702176707536],[-70.686880957773539,41.44133431297098],[-70.603555063283252,41.482384424916589],[-70.463833074041261,41.41914558077459],[-70.448261974104355,41.353651626011747],[-70.693634818936204,41.342833252101748],[-70.821283774643675,41.251014028480476],[-70.833801882320472,41.35338612661014]]],[[[-73.508142519493347,42.086256916157083],[-73.264956740013105,42.745939721083431],[-71.294204704317593,42.696989710519716],[-71.255604740006163,42.736388949815058],[-71.181802468013984,42.737589838423659],[-71.186103292653598,42.790688624370418],[-71.149702073963525,42.815488457335569],[-71.064199786657881,42.806288425837238],[-71.031199585068592,42.859088286182832],[-70.930797466279813,42.884588250322132],[-70.817294484529583,42.872289216761622],[-70.772265856992519,42.711062991299109],[-70.729819129861454,42.669600956426599],[-70.602505275475337,42.677701056574847],[-70.594013514200384,42.635029085036741],[-70.654726720580641,42.582233039276204],[-70.848491763668079,42.550194126398729],[-70.835991087424645,42.490495102005887],[-70.886493130662146,42.470196218458668],[-70.913192239645738,42.427696289241645],[-70.982994184875338,42.423995414340347],[-70.974897357704208,42.355842408181054],[-70.997838401142232,42.321204441679036],[-70.967351586806558,42.268167410956622],[-70.91749058790046,42.305685345024486],[-70.881242672437608,42.300662304197722],[-70.730561268078674,42.210939478912678],[-70.638482053288953,42.081579240151115],[-70.678799943043913,42.005510637084157],[-70.662477744285184,41.960592490921542],[-70.583574196280495,41.950007422912279],[-70.546388073834521,41.916751325557193],[-70.525568512153185,41.858730193913914],[-70.541030943699852,41.815754073369341],[-70.441718550801113,41.7528981284647],[-70.272290164055818,41.721346499896498],[-70.024735426906304,41.787364806135869],[-70.006112496876554,41.852396826476415],[-70.069011571200932,41.884924782638301],[-70.08377674811814,42.01204178701861],[-70.190835885147138,42.020028739415984],[-70.245386899371994,42.063733627813491],[-70.138943720425772,42.092907622362283],[-70.049383637669195,42.064689714809205],[-69.994137640429571,41.999258831328973],[-69.935953423612915,41.809422885695177],[-69.931130183114348,41.622659957193697],[-69.964983077754553,41.55111094832769],[-70.011230055355583,41.543931895730715],[-70.007012262396202,41.671579853615974],[-70.269687937100116,41.617775566914958],[-70.321588798250147,41.630508490970023],[-70.445289362650698,41.591815396866345],[-70.476256249692057,41.55850243023383],[-70.654104051190458,41.519025322031347],[-70.790269951565321,41.446339233039467],[-70.94843099245,41.409193152108067],[-70.934986013110432,41.454699224525143],[-70.698196986676408,41.559002149125504],[-70.695391956235113,41.602546018980568],[-70.765462863621693,41.641574855045917],[-70.821909971430955,41.582841137867554],[-70.91016504834144,41.577073304050707],[-70.981708058226914,41.510070313852196],[-71.120570428186014,41.497448415257878],[-71.132888441708772,41.660102602746569],[-71.195640546975653,41.675090592784791],[-71.261392548509619,41.752301581643714],[-71.329396518918784,41.782600644399814],[-71.339298698424059,41.89339987422494],[-71.381700626436427,41.893199876212101],[-71.381401810691145,42.018799009752513],[-71.799242765988424,42.008064980739192],[-71.800650779015228,42.023568983063463],[-72.735495528537029,42.036398460383836],[-72.76673845358853,42.002994471987243],[-72.810077447798093,41.998315519326525],[-72.847141487388541,42.036893577122918],[-73.487314554167639,42.049637857643262],[-73.508142519493347,42.086256916157083]]]]}},
{"type":"Feature","properties":{"STATEFP":"20","STATENS":"00481813","AFFGEOID":"0400000US20","GEOID":"20","STUSPS":"KS","NAME":"Kansas","LSAD":"00","ALAND":211755344060,"AWATER":1344141205},"geometry":{"type":"Polygon","coordinates":[[[-102.051744218550922,40.003077913224161],[-95.308290607337554,39.999996895626794],[-95.081535285917411,39.861717029735523],[-95.018744381766425,39.897371216852783],[-94.951541380680098,39.900532284780091],[-94.878678404159146,39.826521226972744],[-94.860372451598906,39.749529131110613],[-94.899317730728555,39.724041066638179],[-94.971080000735995,39.723145028685494],[-94.971319357319416,39.686408943304286],[-95.037466484330764,39.65290368361115],[-95.047167824360372,39.595115467481968],[-95.113559015809116,39.553938984157604],[-94.946665064306316,39.399715003553638],[-94.888974561379854,39.392430041584809],[-94.90806727752306,39.323660633949402],[-94.799664491385528,39.206015452680575],[-94.741939375492308,39.170200604260913],[-94.680337349823418,39.184300743379332],[-94.591934238867125,39.155001001945521],[-94.617965082365885,36.998900797026671],[-102.042243392731507,36.993082809391119],[-102.051744218550922,40.003077913224161]]]}},
{"type":"Feature","properties":{"STATEFP":"32","STATENS":"01779793","AFFGEOID":"0400000US32","GEOID":"32","STUSPS":"NV","NAME":"Nevada","LSAD":"00","ALAND":284329506470,"AWATER":2047206072},"geometry":{"type":"Polygon","coordinates":[[[-120.001022988610828,38.999579641314902],[-119.999168276983937,41.994539714843526],[-114.041723534812419,41.993720399854652],[-114.046838671438138,36.194070886258324],[-114.151726005411732,36.024564921995271],[-114.213691100597217,36.015614926306228],[-114.316110620734804,36.063111123071224],[-114.372108083860539,36.143116265376683],[-114.448656356688304,36.126412593436051],[-114.572033863875092,36.151613181692383],[-114.736168299116741,36.104370759099972],[-114.731162114331582,35.943918792192385],[-114.669690087157136,35.865086423337644],[-114.703713290993264,35.814587211499919],[-114.689410024229062,35.651413324756348],[-114.653408761841604,35.610790109202036],[-114.664502292035479,35.449497061045093],[-114.627139066826814,35.409503841727201],[-114.57274761090396,35.138723441775575],[-114.61990552654062,35.12163019009067],[-114.633486433848816,35.001854637289853],[-116.093600983868072,36.155806479450654],[-117.244915379310967,37.030248158146001],[-118.500961607839997,37.94902324121805],[-120.001022988610828,38.999579641314902]]]}},
{"type":"Feature","properties":{"STATEFP":"50","STATENS":"01779802","AFFGEOID":"0400000US50","GEOID":"50","STUSPS":"VT","NAME":"Vermont","LSAD":"00","ALAND":23874175944,"AWATER":1030416650},"geometry":{"type":"Polygon","coordinates":[[[-73.436878489727178,44.042575663943325],[-73.395398133783431,44.166900853811811],[-73.316617599715556,44.257766784636978],[-73.334636827623314,44.356874852691853],[-73.293613179644339,44.440556699888667],[-73.38996606305804,44.61961740403261],[-73.334430446341855,44.802184324532824],[-73.379822154405076,44.857034156722541],[-73.338979176039544,44.917678355518944],[-73.343123771268594,45.010837772590421],[-71.501084779584957,45.013374408259942],[-71.531606008332403,44.976021543343727],[-71.494403851770016,44.911835616452557],[-71.626909752782169,44.747222569164606],[-71.551721977013401,44.627596468324398],[-71.54492171491377,44.57927641264186],[-71.588075820942805,44.547848386000581],[-71.579973578059352,44.501776336356812],[-71.69091966292217,44.421232183555517],[-71.778612828223714,44.399797113365501],[-71.818837617092512,44.352936978916446],[-72.002314537411692,44.324868808620813],[-72.046302245852715,44.291980914601169],[-72.061337782283559,44.18494892238661],[-72.036882619623114,44.103116851293656],[-72.116704772007992,43.991951679165254],[-72.105873821806782,43.949367723043402],[-72.16977856563615,43.873422760423956],[-72.183331620284548,43.808174837094668],[-72.284803842546935,43.720358015777968],[-72.329521194842584,43.60839119272098],[-72.379439270353174,43.57406726020433],[-72.402531669201636,43.320378373655679],[-72.451802090506661,43.153484566352333],[-72.435190999344357,43.086620608042864],[-72.462248213272289,43.044212712292925],[-72.444977097491218,43.004414718649215],[-72.532186342077722,42.95494413361012],[-72.531469089267631,42.897949440139627],[-72.556112015136875,42.866251595576898],[-72.53959970840711,42.804831929691495],[-72.458518364311487,42.726853082448812],[-73.264956740013105,42.745939721083431],[-73.290943821128593,42.80191970943708],[-73.242041143077444,43.534923778028897],[-73.327700955730705,43.625911629908458],[-73.395766055340815,43.568085918488087],[-73.424975953631943,43.598773869535613],[-73.350705637686517,43.770461220099726],[-73.390300512399278,43.817369127144318],[-73.374049499952008,43.875560924477256],[-73.407740390347996,43.929884782073877],[-73.405975394600517,44.011482574664406],[-73.436878489727178,44.042575663943325]]]}},
{"type":"Feature","properties":{"STATEFP":"09","STATENS":"01779780","AFFGEOID":"0400000US09","GEOID":"09","STUSPS":"CT","NAME":"Connecticut","LSAD":"00","ALAND":12542497068,"AWATER":1815617571},"geometry":{"type":"Polygon","coordinates":[[[-73.727774996775395,41.100695748488839],[-73.482708731471504,41.212759587574922],[-73.550960765836749,41.295421564505425],[-73.487314554167639,42.049637857643262],[-72.847141487388541,42.036893577122918],[-72.810077447798093,41.998315519326525],[-72.76673845358853,42.002994471987243],[-72.735495528537029,42.036398460383836],[-71.800650779015228,42.023568983063463],[-71.797682890071002,41.416709615341311],[-71.839648762991956,41.412119521185382],[-71.835950578189824,41.353935466480529],[-71.860512384268091,41.320248377521295],[-71.886301358586394,41.336410339711875],[-72.134219974245951,41.299397907824996],[-72.201421082157708,41.315696851706782],[-72.386628114245212,41.261797730694447],[-72.405929147343855,41.278397735907795],[-72.547234167224275,41.250498722222112],[-72.598035187686648,41.268697722214064],[-72.760340133059756,41.241234724741545],[-72.786141069671984,41.264795760017748],[-72.881443743562272,41.242596857312591],[-72.935644576878829,41.258496921566433],[-73.07944885117999,41.19401484179145],[-73.108351063775217,41.153717783114004],[-73.202655364348857,41.158095756754172],[-73.262357568497066,41.117495753373717],[-73.372295702555505,41.104019804031672],[-73.354230697969257,41.08563881844325],[-73.387226758306099,41.058246879485516],[-73.516902909787461,41.038738007207996],[-73.657335993071797,40.985170865564626],[-73.659532982343762,41.017856866440383],[-73.727774996775395,41.100695748488839]]]}},
{"type":"Feature","properties":{"STATEFP":"34","STATENS":"01779795","AFFGEOID":"0400000US34","GEOID":"34","STUSPS":"NJ","NAME":"New Jersey","LSAD":"00","ALAND":19047825980,"AWATER":3544860246},"geometry":{"type":"Polygon","coordinates":[[[-75.559443934659271,39.629813867117328],[-75.415060245977912,39.801920321206346],[-75.341763302133543,39.846083512478813],[-75.133418602682511,39.896214598683031],[-75.119218446295676,39.965413346444279],[-74.932209991478416,40.068411747739283],[-74.863808301448216,40.082210758230175],[-74.825906378600706,40.123910657202721],[-74.721603604765107,40.153810567332705],[-74.969595922354344,40.399770273381478],[-75.056100857960416,40.416066424321436],[-75.078501904086451,40.548296417585995],[-75.136746827759097,40.575731550580599],[-75.186735751390657,40.56940668027972],[-75.177475716980652,40.764225586781556],[-75.108504095801862,40.791094366564245],[-75.065437547818846,40.885682243039497],[-75.133085932556227,40.980179263089958],[-74.905255874427993,41.155667955431888],[-74.815703021675915,41.296150721547924],[-74.694913973837743,41.357422495646496],[-73.893978837147813,40.9971967572775],[-73.938080797128947,40.874698590750221],[-74.047312866701404,40.690465675243111],[-74.086805995206959,40.651595787748512],[-74.2022471089834,40.630902937208596],[-74.216839478812929,40.55861784511557],[-74.249211588481842,40.545063815722038],[-74.260611762737938,40.502435727647864],[-74.261889581381098,40.464705724450184],[-74.206188514157148,40.440706779922593],[-74.108295539402548,40.443787906775299],[-74.047884578639653,40.418908009322386],[-73.99794346077303,40.476668005567419],[-73.976982669029184,40.408508060276304],[-73.981682025781907,40.279411229648794],[-74.101444909012571,39.756175127301454],[-74.366991811908235,39.402020154607953],[-74.646594979715417,39.212006817163946],[-74.71434022934109,39.119809569807337],[-74.705875272793264,39.102942739360856],[-74.807915605580106,38.985953990764905],[-74.864456403839043,38.940415395969758],[-74.967272064774647,38.933417247016322],[-74.885912615717032,39.143631738376499],[-74.905179631343728,39.174949627868862],[-75.048485447894208,39.215226168213043],[-75.136665323281932,39.18188634060796],[-75.244355249388079,39.285702660905535],[-75.285331157877707,39.292214583887834],[-75.465209792829981,39.438932232624666],[-75.536428731559667,39.460561401667661],[-75.512729806688142,39.578001833677966],[-75.559443934659271,39.629813867117328]]]}},
{"type":"Feature","properties":{"STATEFP":"11","STATENS":"01702382","AFFGEOID":"0400000US11","GEOID":"11","STUSPS":"DC","NAME":"District of Columbia","LSAD":"00","ALAND":158340391,"AWATER":18687198},"geometry":{"type":"Polygon","coordinates":[[[-77.119756178099237,38.934343169878822],[-77.041015211440254,38.995548272019519],[-76.909389729092453,38.892852337324655],[-77.039002708307592,38.791645010151797],[-77.039095897188588,38.868112108316943],[-77.119756178099237,38.934343169878822]]]}},
{"type":"Feature","properties":{"STATEFP":"37","STATENS":"01027616","AFFGEOID":"0400000US37","GEOID":"37","STUSPS":"NC","NAME":"North Carolina","LSAD":"00","ALAND":125923656064,"AWATER":13466071395},"geometry":{"type":"Polygon","coordinates":[[[-84.286598501977821,35.205757988262825],[-84.223718177703191,35.269077738037218],[-84.178516136967573,35.240678818701468],[-84.097508128779168,35.247381886215415],[-84.023510194760973,35.295782981748658],[-84.038081282311339,35.348362985570823],[-84.007586320146984,35.37166106598044],[-84.021782379519564,35.407418056925131],[-83.771736334488565,35.562118183419088],[-83.498334090189189,35.56298161516078],[-83.347261755439774,35.660473855983589],[-83.297154004261742,35.657749430073274],[-83.255351351662881,35.716228896030451],[-83.198267380630682,35.725492872600526],[-83.161537402100777,35.763361826715631],[-82.978414264629336,35.782609012694614],[-82.899718121351114,35.874600946932674],[-82.910608083043343,35.926928891129819],[-82.860724042636676,35.947428862258221],[-82.816130037341779,35.923984887853997],[-82.779396980585958,35.992509782217809],[-82.628364766819288,36.062103784619076],[-82.5955247483097,36.026010818362735],[-82.610884810509546,35.974440870967769],[-82.557873763019785,35.95389993169956],[-82.464557673882709,36.006506971263995],[-82.40945764629376,36.083408093473963],[-82.297654769535058,36.133509478344266],[-82.2112508604814,36.159011681254071],[-82.14084689833237,36.136215692298393],[-82.12714590491224,36.104416685385381],[-82.028739954080706,36.124321733357007],[-81.90813701374843,36.302012829864211],[-81.833202019108526,36.347338897762285],[-81.705965996748319,36.338495977588302],[-81.734312008523773,36.413341976303933],[-81.695311014706974,36.467912006950577],[-81.67753501956831,36.588117047347176],[-80.295243231196395,36.543972242630545],[-75.867037167170977,36.550750881855997],[-75.796404345450014,36.290346938052004],[-75.496083665836352,35.72851111048552],[-75.458657690527644,35.596592950573047],[-75.533626047705638,35.225822252532524],[-75.757914989584492,35.183076391307878],[-76.137266491774213,34.987854708635957],[-76.386801909948062,34.784575183350277],[-76.535944737019534,34.588573378974417],[-76.553804654424553,34.62824845758918],[-76.618717601330943,34.672546817301125],[-76.72696764459306,34.696687476597774],[-76.906254885800465,34.682817038600788],[-77.136840230896922,34.632922463154223],[-77.462918769305446,34.471350745144029],[-77.764018106801615,34.245637164193056],[-77.829205283822915,34.16261448217741],[-77.960169337683737,33.853311912704463],[-78.13694943881859,33.912175217188889],[-78.276144703285567,33.912361376188869],[-78.541084826712336,33.851109175279667],[-79.675298068407301,34.804741841498533],[-80.796994802521411,34.82386932184],[-80.78203960975101,34.935777366481275],[-80.934947701079139,35.107404848510072],[-81.041487059079884,35.044698975964081],[-81.058027246164016,35.073186007401489],[-81.042868188152795,35.149243991864964],[-82.411300877640713,35.202483134496653],[-82.686039830354417,35.124545189930835],[-82.746430809505,35.079131216963781],[-83.108605654881117,35.000659108537192],[-84.321869000274432,34.988408051535245],[-84.286598501977821,35.205757988262825]]]}},
{"type":"Feature","properties":{"STATEFP":"49","STATENS":"01455989","AFFGEOID":"0400000US49","GEOID":"49","STUSPS":"UT","NAME":"Utah","LSAD":"00","ALAND":212886221680,"AWATER":6998824394},"geometry":{"type":"Polygon","coordinates":[[[-114.050600027500593,37.000396765023645],[-114.041723534812419,41.993720399854652],[-111.046690321734758,42.001569753487416],[-111.046725271602128,40.997962520179392],[-109.050081648903927,41.000664156107135],[-109.045222022949105,36.999085167138624],[-114.050600027500593,37.000396765023645]]]}},
{"type":"Feature","properties":{"STATEFP":"38","STATENS":"01779797","AFFGEOID":"0400000US38","GEOID":"38","STUSPS":"ND","NAME":"North Dakota","LSAD":"00","ALAND":178707534813,"AWATER":4403267548},"geometry":{"type":"Polygon","coordinates":[[[-104.048735946091455,48.999876776548959],[-97.229041080652038,49.000689730553084],[-97.227856294733357,48.94586665174571],[-97.100012478733433,48.66792816919866],[-97.149126210826154,48.532306408587317],[-97.129534985767251,48.257815886333951],[-97.146746611228721,48.168556717977019],[-96.854074921813805,47.572010371924726],[-96.819080237057108,47.081152232339406],[-96.833506288972941,47.010110203337518],[-96.76397531024503,46.91250725379944],[-96.790525214299521,46.636880076710497],[-96.74443794831987,46.565959929341723],[-96.709097014356431,46.435294035257506],[-96.601042447975757,46.319554311446069],[-96.554509201292078,46.083978487523638],[-96.574266066377874,46.016545539184641],[-96.563674060400359,45.935245559089054],[-104.045446299098671,45.94531523591661],[-104.048735946091455,48.999876776548959]]]}},
{"type":"Feature","properties":{"STATEFP":"45","STATENS":"01779799","AFFGEOID":"0400000US45","GEOID":"45","STUSPS":"SC","NAME":"South Carolina","LSAD":"00","ALAND":77864918488,"AWATER":5075218778},"geometry":{"type":"Polygon","coordinates":[[[-83.353234997688247,34.728646629489077],[-83.320059351229858,34.759614755571604],[-83.323863554999974,34.789710675893836],[-83.140620656133066,34.924913550184776],[-83.108605654881117,35.000659108537192],[-82.746430809505,35.079131216963781],[-82.686039830354417,35.124545189930835],[-82.411300877640713,35.202483134496653],[-81.042868188152795,35.149243991864964],[-81.058027246164016,35.073186007401489],[-81.041487059079884,35.044698975964081],[-80.934947701079139,35.107404848510072],[-80.78203960975101,34.935777366481275],[-80.796994802521411,34.82386932184],[-79.675298068407301,34.804741841498533],[-78.541084826712336,33.851109175279667],[-78.772734340808071,33.768507439160828],[-78.938074348471844,33.639822964478775],[-79.135439726536703,33.403863941592618],[-79.172392766854429,33.206573777174277],[-79.21545173720402,33.155565753629986],[-79.329907690395189,33.089982690882309],[-79.359959589704388,33.006668605421673],[-79.483497609117975,33.001261659146415],[-79.522447680995754,33.035346705196481],[-79.580723710214045,33.006443759934406],[-79.606613740567695,32.972244755895133],[-79.569760713683067,32.926688661977749],[-79.695139906749304,32.850394750333272],[-79.726387973806808,32.805992756713685],[-79.868350820455731,32.734846605543964],[-79.884959743136747,32.68439963262589],[-80.000799584089364,32.605890090137621],[-80.148404790398189,32.578476595914871],[-80.338353307349351,32.47872683829025],[-80.413504558256435,32.471170535685985],[-80.465710055509689,32.495296272557951],[-80.48461673310841,32.460972268716617],[-80.434301610595,32.375189613844071],[-80.455190097721342,32.326454647133133],[-80.596391055807828,32.27354540913533],[-80.714598188543604,32.32565236676168],[-80.766034727116008,32.292604177371715],[-80.669162199328966,32.216779104573966],[-80.721458540613312,32.16042291771651],[-80.858730208950902,32.09957709833354],[-80.885511663573936,32.034596270700355],[-81.006740631521268,32.101148436302211],[-81.038260635751882,32.084465342922243],[-81.113330693057989,32.113201248134622],[-81.15352958392117,32.237683032256861],[-81.128032734155326,32.276293534722619],[-81.133031007494807,32.334791346465479],[-81.194930820027906,32.411487938279684],[-81.194829116827194,32.465085988540778],[-81.274927871365961,32.544159289888746],[-81.397106739764723,32.60558804946595],[-81.420621278164802,32.831222720438618],[-81.499567516019766,32.943721332048966],[-81.502031548858383,33.015111875016601],[-81.755136662459662,33.151548976615764],[-81.763536649190755,33.20364692420825],[-81.846537553441024,33.241744884649172],[-81.846137559782164,33.303841779429945],[-81.932738405076307,33.343539747259257],[-81.926337347287955,33.4629355583169],[-82.106240998811856,33.59563523389712],[-82.161908981792607,33.610641150810146],[-82.324480842703665,33.820030525106809],[-82.556835646627292,33.945350895905207],[-82.642797355756429,34.081309634051891],[-82.715373316128307,34.148162696803809],[-82.744982541027056,34.244858756521431],[-82.873831181232177,34.471505642040562],[-83.048289002583459,34.493251766690619],[-83.154576634787745,34.588196040019341],[-83.338687756736959,34.682000484372537],[-83.353234997688247,34.728646629489077]]]}},
{"type":"Feature","properties":{"STATEFP":"28","STATENS":"01779790","AFFGEOID":"0400000US28","GEOID":"28","STUSPS":"MS","NAME":"Mississippi","LSAD":"00","ALAND":121533519481,"AWATER":3926919758},"geometry":{"type":"Polygon","coordinates":[[[-91.621359152790689,31.267806570182156],[-91.564193227102749,31.26162868401023],[-91.50885928000514,31.291639834384995],[-91.536062220183936,31.338350832133425],[-91.517141163196712,31.498390041369024],[-91.489619273385756,31.534262012985671],[-91.437617307275076,31.546161973029729],[-91.463818441810048,31.620360909440127],[-91.395716403603714,31.644160919486815],[-91.38091644895654,31.732459909726373],[-91.318577295348661,31.745311001820657],[-91.359515320629242,31.799358062042074],[-91.34571521589163,31.842857188897725],[-91.290136103478005,31.833654244330312],[-91.181110916699026,31.920055451339454],[-91.177410853480083,31.973253559059426],[-91.117409843759205,31.987053537584497],[-91.034707911990694,32.101049571984298],[-91.108509938145559,32.208146664162413],[-90.99122802461342,32.21465865177381],[-90.921171183301141,32.342069593076836],[-90.986673182290687,32.351756669374772],[-90.965987276538442,32.424802636638368],[-91.05290828753337,32.438438672536911],[-91.060517396378515,32.512357661698609],[-91.011276387485125,32.516592666636669],[-91.079507517782631,32.600676623724688],[-91.098763647253747,32.685287577156501],[-91.05700065753183,32.725576590318717],[-91.157615827804747,32.776029513575644],[-91.137891855716632,32.848971566802192],[-91.070603775240045,32.88865561139945],[-91.072076803216575,32.93782862555782],[-91.166075019590991,33.0041026567825],[-91.120380922667565,33.054526651510557],[-91.180838022140406,33.098360745359543],[-91.153016953585208,33.135089833039977],[-91.104318864995108,33.131594811872347],[-91.068709771674207,33.232932978079639],[-91.086138753787438,33.273649043173194],[-91.125540798866012,33.28025209876386],[-91.142220676056382,33.348986178848385],[-91.11376556185283,33.393121166501935],[-91.215672306345127,33.529420514696064],[-91.188943236751527,33.576222538041065],[-91.130903200088838,33.610916485120505],[-91.178312126249864,33.651106645884838],[-91.100981143704715,33.660548521344289],[-91.07539008731267,33.714400579665288],[-91.143288003928447,33.747138754320538],[-91.111495040330809,33.774565714315671],[-91.02678307735367,33.763639580722554],[-91.061248113038602,33.877502699573725],[-91.026383112024391,33.907977694394333],[-91.03596212719404,33.94375572686441],[-91.088697175397257,33.961331756824855],[-90.892420996800112,34.0268576532971],[-90.874541981250232,34.072038638708598],[-90.946324127900624,34.10937171558021],[-90.938065138277764,34.148751709938509],[-90.882702021223366,34.184361657282082],[-90.894561064605838,34.224377672549124],[-90.8399819070886,34.236111620115672],[-90.812829776654098,34.279435619672668],[-90.752681581001255,34.289263578204611],[-90.765174539653529,34.3428156428634],[-90.729131430396535,34.364203657979388],[-90.660404366668644,34.335757624621465],[-90.641398251435717,34.383866692850852],[-90.575336076892654,34.41514975345504],[-90.583717006328058,34.45882682174684],[-90.549243921931648,34.568098773580381],[-90.587224048276184,34.615729699996429],[-90.463794925255584,34.834920291421611],[-90.40163289821264,34.835302267147298],[-90.250094880224779,34.907317211215187],[-90.24447589766686,34.937593211244192],[-90.309297368637033,34.995692170374035],[-88.200064314290202,34.995633957006255],[-88.154617353799438,34.922389739326803],[-88.09788831425054,34.892199834746584],[-88.468659202416333,31.933170576310733],[-88.395023744236497,30.369419546628919],[-88.409927989610068,30.342109589322281],[-88.446496170228542,30.347747848528794],[-88.471876522552421,30.320014958230111],[-88.971235743006318,30.390793484445346],[-89.344747869496146,30.293192139671856],[-89.424625635021144,30.245387313346814],[-89.447466514114467,30.20509440137592],[-89.524505276364565,30.180749435152446],[-89.607656217213332,30.217092304843334],[-89.678515148329254,30.41400823750055],[-89.79166494479594,30.551520317775008],[-89.82186890488768,30.644020246377135],[-89.83633190194773,30.727193177020162],[-89.728147798731086,31.002426813404291],[-91.636943504427805,30.999411142639079],[-91.560366503499765,31.049503339272405],[-91.621672324127502,31.136865372933482],[-91.59005227944202,31.193688522867902],[-91.6443571592431,31.234409472120806],[-91.621359152790689,31.267806570182156]]]}},
{"type":"Feature","properties":{"STATEFP":"08","STATENS":"01779779","AFFGEOID":"0400000US08","GEOID":"08","STUSPS":"CO","NAME":"Colorado","LSAD":"00","ALAND":268422891711,"AWATER":1181621593},"geometry":{"type":"Polygon","coordinates":[[[-109.045222022949105,36.999085167138624],[-109.050081648903927,41.000664156107135],[-102.05161325402203,41.00237706803064],[-102.042243392731507,36.993082809391119],[-109.045222022949105,36.999085167138624]]]}},
{"type":"Feature","properties":{"STATEFP":"46","STATENS":"01785534","AFFGEOID":"0400000US46","GEOID":"46","STUSPS":"SD","NAME":"South Dakota","LSAD":"00","ALAND":196346981786,"AWATER":3382720225},"geometry":{"type":"Polygon","coordinates":[[[-104.05769950440046,44.99743417065401],[-104.039139465803316,44.998523155234459],[-104.045446299098671,45.94531523591661],[-96.563674060400359,45.935245559089054],[-96.587095206598519,45.816445571943845],[-96.672667494821781,45.732336399461907],[-96.826162897417859,45.654164027656499],[-96.851623990366434,45.619411943418477],[-96.710788984939271,45.436929760639252],[-96.521789842018876,45.375645005960543],[-96.457783936426111,45.307610147812746],[-96.453264580425014,43.500389403758504],[-96.598933231699192,43.500456235891676],[-96.594258760303902,43.434152194189316],[-96.52157622316129,43.385639215734464],[-96.530395754704955,43.300033161421467],[-96.578826767010966,43.29109411174997],[-96.522087360498944,43.220959114212917],[-96.475574323590877,43.221053182106914],[-96.439337918322252,43.113915145491752],[-96.45820377031086,43.067553060148931],[-96.511607720498134,43.03992594398013],[-96.492695575803126,43.005087925130958],[-96.520248483611795,42.977641909489726],[-96.500310355714475,42.959389915658839],[-96.621876833450116,42.779253920148648],[-96.624705634898291,42.725495907002305],[-96.526767032274279,42.641182923200944],[-96.476952605404762,42.556077966228791],[-96.492970538934628,42.51728092069974],[-96.445508260670451,42.490629026557599],[-96.611489824217912,42.506086790426657],[-96.70930145380639,42.603751772239931],[-96.697640623765608,42.659141826471767],[-96.778183842847525,42.662991761540695],[-96.801653998401392,42.698772769956598],[-96.906799190395702,42.733798695046715],[-96.965681196425351,42.72453062484518],[-97.024852332665375,42.762428552132938],[-97.13133339015323,42.771927293706781],[-97.237870634530196,42.853137010676647],[-97.417068226395415,42.865915830815865],[-97.452179122874909,42.846045803071959],[-97.701031368018405,42.843794417611406],[-97.857957961620173,42.865090056968462],[-97.950147435644169,42.769616323747123],[-98.035034153582231,42.764202302344302],[-98.148059878871493,42.840009986529608],[-98.434501511061541,42.92922404747646],[-98.498548031197871,42.998556997507698],[-104.053131841959882,43.000590854301038],[-104.05769950440046,44.99743417065401]]]}},
{"type":"Feature","properties":{"STATEFP":"40","STATENS":"01102857","AFFGEOID":"0400000US40","GEOID":"40","STUSPS":"OK","NAME":"Oklahoma","LSAD":"00","ALAND":177662925723,"AWATER":3374587997},"geometry":{"type":"Polygon","coordinates":[[[-103.00243539302376,36.500394498016433],[-103.002202031222865,37.000103725811258],[-94.617965082365885,36.998900797026671],[-94.617918343291279,36.499410161331262],[-94.431517461121402,35.369590040598382],[-94.485878049640846,33.637865514349876],[-94.528931091037009,33.621838493932522],[-94.572874993334665,33.669884288822104],[-94.714867887621381,33.707259022930607],[-94.76614904555413,33.748028740943759],[-94.841637264741237,33.739428872957603],[-94.981653431017975,33.85228217331575],[-95.046571405151894,33.862563243671815],[-95.22639612999599,33.961952370648774],[-95.283448163447019,33.877744426618854],[-95.35234105602494,33.867787407923529],[-95.525324771233599,33.885485347041254],[-95.556917728535737,33.927018336819273],[-95.603659675895514,33.927193330407256],[-95.820598430325816,33.858463322658501],[-95.935327310926525,33.875097337401677],[-96.151632208142786,33.831944356052013],[-96.229025172920956,33.748019375412625],[-96.277271149462763,33.769733392795089],[-96.363137028010371,33.694213503828855],[-96.436457033505548,33.780048512080938],[-96.50228797977455,33.77345856726221],[-96.523865029575475,33.818112522770932],[-96.59292805538459,33.830914509492601],[-96.590114102723788,33.8806634626592],[-96.659898146434003,33.916664431071261],[-96.712424078381659,33.831631507517585],[-96.776768128550728,33.841974508646331],[-96.794278172813392,33.868884495681883],[-96.850595227118703,33.847209534366449],[-96.905255366782924,33.947217513957582],[-96.95231542038276,33.944580546899324],[-96.988747447252507,33.918466576534051],[-96.985569423685405,33.886520581017457],[-97.055840503104037,33.85573959400778],[-97.09107451978501,33.735113617003897],[-97.149396592279516,33.721965629082725],[-97.205654767346829,33.809822600072891],[-97.166631668472093,33.847309596193938],[-97.206143655833898,33.91427859024887],[-97.372943819172093,33.819452740290579],[-97.444195808606693,33.823771822085995],[-97.486507778443823,33.916992872485643],[-97.558272832593502,33.89709798031955],[-97.596157861209846,33.922105016903338],[-97.609093871709135,33.968091985158438],[-97.671774931537868,33.991369000584221],[-97.865768021082829,33.849392370026131],[-97.951218068038557,33.878423306257716],[-97.947575096853285,33.991052148481501],[-98.08284228771366,34.002411161291398],[-98.123380608054447,34.154539155232818],[-98.169123606863238,34.114170157033257],[-98.364026785708973,34.157108089697218],[-98.414429710899242,34.085073106746762],[-98.475069692217232,34.064268107012445],[-98.577139774170135,34.148960892447178],[-98.648076773053589,34.164439769817392],[-98.737235673879368,34.130990643480111],[-98.872232506488359,34.160444535880806],[-98.940223441752991,34.203684512584751],[-99.189514660124644,34.214310608144174],[-99.211603495796211,34.313968545836566],[-99.350409619537416,34.43708111264548],[-99.394958523702812,34.442097089014403],[-99.420434693257832,34.380462142605104],[-99.584482361353494,34.407671134196882],[-99.600028396868481,34.374686151439938],[-99.696464292352161,34.381034242835497],[-99.929336127537681,34.576712407922486],[-100.000383141987882,34.560507440507749],[-100.000408779560544,36.499700055594154],[-103.00243539302376,36.500394498016433]]]}},
{"type":"Feature","properties":{"STATEFP":"56","STATENS":"01779807","AFFGEOID":"0400000US56","GEOID":"56","STUSPS":"WY","NAME":"Wyoming","LSAD":"00","ALAND":251458544898,"AWATER":1867670745},"geometry":{"type":"Polygon","coordinates":[[[-111.046725271602128,40.997962520179392],[-111.044278769666732,45.001348022865123],[-104.05769950440046,44.99743417065401],[-104.053249275806351,41.001407714535851],[-111.046725271602128,40.997962520179392]]]}},
{"type":"Feature","properties":{"STATEFP":"54","STATENS":"01779805","AFFGEOID":"0400000US54","GEOID":"54","STUSPS":"WV","NAME":"West Virginia","LSAD":"00","ALAND":62266474513,"AWATER":489028543},"geometry":{"type":"Polygon","coordinates":[[[-82.626180905569726,38.134833128879414],[-82.571876033526607,38.315779066445401],[-82.597978019945089,38.344907128712158],[-82.59367198695017,38.421807195451173],[-82.560662981606797,38.404336152413009],[-82.323997848136401,38.449266052892263],[-82.274268564505306,38.593680791540855],[-82.17516541446426,38.608481771566773],[-82.209288222699854,38.802669591511901],[-82.161568310132239,38.82462974794953],[-82.134764565998807,38.90557697787812],[-82.041562113697253,39.017876375458926],[-82.007061187677223,39.029576466612717],[-81.941828083246904,38.993293428040801],[-81.898468753581042,38.929601380645529],[-81.827352648615815,38.94589651086936],[-81.775732587126228,38.980735662901083],[-81.807853384299364,39.08397691520814],[-81.742951087020913,39.106577029470742],[-81.752751755647736,39.184675249472861],[-81.67832869280204,39.273754265141669],[-81.565244992029633,39.276174023446927],[-81.559644904393053,39.33077300677283],[-81.456140783731769,39.409272828569684],[-81.412703832416923,39.394616772077832],[-81.393791931439608,39.351704752587892],[-81.347564938814585,39.345768695668632],[-81.249085874185113,39.389990559523611],[-81.128530788539706,39.449373494095518],[-80.865572880494511,39.662749200868952],[-80.82976194403075,39.711837118038943],[-80.86993093185626,39.763552992140546],[-80.824966955461093,39.801089892787367],[-80.803391894675826,39.918759579162682],[-80.740123825112974,39.970790571140164],[-80.736801813580385,40.080069690506512],[-80.606594054989458,40.303867253395978],[-80.631594008237997,40.385466274046777],[-80.604893005293121,40.446665330519671],[-80.62219302463788,40.520495370846824],[-80.667955127187327,40.58249441924346],[-80.627169201370506,40.619934482055498],[-80.518989199380911,40.638799565649364],[-80.519339875304439,39.721401450207495],[-79.476661829841333,39.721076580332472],[-79.486872400193008,39.205960562803035],[-79.28372169370418,39.309638888140476],[-79.091327056166762,39.47240555023189],[-78.956749162248443,39.440262781033333],[-78.942615974057787,39.479612717979869],[-78.771138358835998,39.638386104868815],[-78.707096132514707,39.555856158320921],[-78.460949542516232,39.525986651945765],[-78.382957654048056,39.622245662299207],[-78.082258307183878,39.671166018036942],[-78.006732090996692,39.601337071897611],[-77.829811468124859,39.587288173714285],[-77.823759480388944,39.52590715381028],[-77.740009553128459,39.40169448862099],[-77.74592769890404,39.353221649628473],[-77.719516777817333,39.321314673175955],[-77.8281558798068,39.132329424113351],[-78.347085622033958,39.466011767524549],[-78.340478905519916,39.353491850429251],[-78.401812137438441,39.276753889372628],[-78.428696390140431,39.187216951049827],[-78.413942460925782,39.158414971484817],[-78.508131632279813,39.088630029873762],[-78.561710855136042,39.009007088310312],[-78.681617076929939,38.925840130740021],[-78.772793178255526,38.893742125771993],[-78.869276364461015,38.762991194168471],[-78.999014294131541,38.840074003444478],[-79.05725343114014,38.761413123579807],[-79.092955506740381,38.659517202009837],[-79.297758676689199,38.416438295582488],[-79.476638681872572,38.457228277340349],[-79.542567626032906,38.553216291314335],[-79.649072751044102,38.591514156822193],[-79.689673470228911,38.431437980601181],[-79.734599293625834,38.356726376023609],[-79.804092200724355,38.313920274917848],[-79.78754169352122,38.273295974343363],[-79.916171915843279,38.184384795851521],[-79.971227937774444,38.044325036693074],[-80.199628604771235,37.827506467466947],[-80.292254222761784,37.683731505506856],[-80.22338242315719,37.623184749865601],[-80.282436867396314,37.585480615707816],[-80.291641242376471,37.536504621240937],[-80.464818363172498,37.426143083015887],[-80.544834435328653,37.474693985137542],[-80.770080957686773,37.372361595414731],[-80.836444919620533,37.424353589522077],[-80.865146933407701,37.419925569329621],[-80.883246977173741,37.383931532524507],[-80.835478016975486,37.334822528354351],[-81.225104590440083,37.23487189600641],[-81.362155958626673,37.337684680877565],[-81.427945950479014,37.271012565417593],[-81.560624523756431,37.206660404629723],[-81.678602064467597,37.202464192141029],[-81.774745546862107,37.274844208859456],[-81.849947371203569,37.2852241028938],[-81.936948675130822,37.419917314551093],[-81.984889855115753,37.454312391421169],[-81.932277950746794,37.511958543967573],[-81.968295971298545,37.537795597673892],[-82.064416732380408,37.544513672711034],[-82.296116274635523,37.686171994271902],[-82.327354440851593,37.76223106182681],[-82.418688653827616,37.872373050732584],[-82.487554775342161,37.916973044374387],[-82.464985827881279,37.976857050480717],[-82.626180905569726,38.134833128879414]]]}},
{"type":"Feature","properties":{"STATEFP":"23","STATENS":"01779787","AFFGEOID":"0400000US23","GEOID":"23","STUSPS":"ME","NAME":"Maine","LSAD":"00","ALAND":79887426037,"AWATER":11746549764},"geometry":{"type":"MultiPolygon","coordinates":[[[[-68.924013660123407,43.885404256294244],[-68.87478754008535,43.904712059956523],[-68.849012504333373,43.849837915803469],[-68.888486595103529,43.803778095243985],[-68.944436697284544,43.835323379588296],[-68.924013660123407,43.885404256294244]]],[[[-71.083921027013204,45.305449456564332],[-71.038206949912194,45.311920478961518],[-71.012754025963631,45.344758557987056],[-70.949362040514842,45.331534591378997],[-70.892818510078897,45.239170461813316],[-70.844426588898372,45.234511447463063],[-70.808609847864901,45.311604647429512],[-70.825609086530775,45.400303806689308],[-70.781467958508031,45.431157818644564],[-70.634657436022934,45.383606869093498],[-70.635494560167302,45.42781588492641],[-70.723392641645987,45.510392887378579],[-70.688210657657194,45.563980024614914],[-70.552789773893537,45.667835569693558],[-70.38354931250214,45.734868702960824],[-70.415681353548237,45.78615773159391],[-70.259114215292556,45.890755386250191],[-70.265407348504226,45.962692414361534],[-70.312967299540603,45.961856359381009],[-70.317626721540009,46.019080574995705],[-70.239563299888459,46.142760863212565],[-70.290893233453986,46.185836754609362],[-70.205716374531292,46.299863834673303],[-70.207412302359344,46.331314678771406],[-70.053743455910791,46.429235077491533],[-69.997081611607001,46.695229717706354],[-69.219997617084545,47.457157802987652],[-69.03930183541722,47.422169244084195],[-69.040199068787317,47.245101080234313],[-68.90098389347645,47.178520751643113],[-68.604820517254481,47.249418749539778],[-68.588726613370824,47.281721710075466],[-68.375614202504963,47.292268449523064],[-68.384280550422815,47.32694349449762],[-68.361558652392787,47.355605673225888],[-68.269708894505371,47.353734477766686],[-68.204261325215569,47.339732061753978],[-67.952262754846572,47.196144495998283],[-67.889153365263468,47.118772229905282],[-67.789759918921845,47.065743947984565],[-67.779981031366404,45.938163426506236],[-67.750418995954774,45.917898433546839],[-67.803674968493084,45.869379390944786],[-67.763951906088707,45.829983395148652],[-67.803622873819762,45.78162436051587],[-67.781888807815164,45.731189353219712],[-67.803309761085259,45.677886323678806],[-67.710460714889621,45.679372367553214],[-67.675413643166195,45.630959366157043],[-67.534915528004476,45.595428423086318],[-67.455402495548014,45.604665466229719],[-67.423642440709969,45.572153470157446],[-67.417413355518093,45.501985447550474],[-67.47685138366451,45.49724041401776],[-67.48432433506656,45.451955391918169],[-67.427239211591115,45.373690389806768],[-67.480252120480415,45.268185319923781],[-67.390574932303494,45.154114315650254],[-67.339864865963165,45.125594328826644],[-67.271071901586581,45.191081393783463],[-67.161242800221316,45.162879440318733],[-67.112409705770233,45.112323446083145],[-67.033473667858814,44.939925891097928],[-66.983557569736206,44.903279903440698],[-66.992959215829956,44.849183729807564],[-66.949894316750772,44.817421990712475],[-67.29340302954401,44.599267208073172],[-67.368268939153339,44.624674270371784],[-67.448512826615158,44.600324296501007],[-67.521167488332935,44.50991240974934],[-67.503207438884857,44.476920386893653],[-67.579725038898161,44.429133110461983],[-67.653122201814597,44.525825096350466],[-67.793587701904855,44.494780864819688],[-67.899568494780794,44.394079487156745],[-67.936528454449814,44.411188448304969],[-68.013987045479382,44.390256235817574],[-68.049330841551537,44.33073085715079],[-68.125621878368108,44.387127917113766],[-68.18915333271579,44.373833586478128],[-68.173606055079318,44.328397145246591],[-68.229488534604243,44.266916993369499],[-68.174327843791147,44.225906921989797],[-68.306518800886963,44.234827241076154],[-68.331032136132819,44.107576511796452],[-68.502944811544822,44.099718773174821],[-68.584104013367948,44.071585725654366],[-68.61708781228613,44.010093403974849],[-68.657033888591997,44.003819505581831],[-68.669386360579225,44.07635595413231],[-68.874142658181938,44.025356140758042],[-68.935331388354214,44.130377304722209],[-68.888601472932621,44.159547361937868],[-68.95189486763168,44.218716320210774],[-69.040197608879055,44.233670271916367],[-69.075671002112912,44.129988401293197],[-69.031882097965905,44.079033370428341],[-69.068115790052914,44.039765456072089],[-69.043915779117867,44.006333441851709],[-69.077031631081482,43.973651590944776],[-69.174983302705158,43.976946788565463],[-69.212942158250456,43.921402234346701],[-69.321033347866347,43.856706825481446],[-69.393289656453007,43.956418196940341],[-69.503290638916837,43.837671887900704],[-69.717073369484169,43.792402037827962],[-69.75409016465558,43.743865170587085],[-69.833470020391928,43.701280138170866],[-69.855079965277611,43.704745108833897],[-69.86215391321484,43.758960871184875],[-69.915591859979727,43.775110815753592],[-69.983683774266723,43.744393769475415],[-70.001271757150832,43.710386779366431],[-70.071302666413914,43.713770720078415],[-70.096037634457076,43.672274732379407],[-70.168225538641551,43.675134672421422],[-70.217085464946209,43.596715697038867],[-70.206121476287862,43.557625737205939],[-70.361212255534895,43.529188664189427],[-70.385613224454758,43.487029692945022],[-70.327301326520427,43.458519761714783],[-70.416309267801111,43.361057855321015],[-70.553852130961431,43.32188491118481],[-70.585182149431361,43.270112018897784],[-70.59618329418501,43.163465180082873],[-70.703816324523757,43.05982436176177],[-70.828098208221959,43.129085241768664],[-70.813117116970545,43.217251181546203],[-70.984332878143661,43.37612681103672],[-70.954752650176275,43.509800507652919],[-71.083921027013204,45.305449456564332]]]]}},
{"type":"Feature","properties":{"STATEFP":"33","STATENS":"01779794","AFFGEOID":"0400000US33","GEOID":"33","STUSPS":"NH","NAME":"New Hampshire","LSAD":"00","ALAND":23189413166,"AWATER":1026675248},"geometry":{"type":"Polygon","coordinates":[[[-72.556112015136875,42.866251595576898],[-72.531469089267631,42.897949440139627],[-72.532186342077722,42.95494413361012],[-72.444977097491218,43.004414718649215],[-72.462248213272289,43.044212712292925],[-72.435190999344357,43.086620608042864],[-72.451802090506661,43.153484566352333],[-72.402531669201636,43.320378373655679],[-72.379439270353174,43.57406726020433],[-72.329521194842584,43.60839119272098],[-72.284803842546935,43.720358015777968],[-72.183331620284548,43.808174837094668],[-72.16977856563615,43.873422760423956],[-72.105873821806782,43.949367723043402],[-72.116704772007992,43.991951679165254],[-72.036882619623114,44.103116851293656],[-72.061337782283559,44.18494892238661],[-72.046302245852715,44.291980914601169],[-72.002314537411692,44.324868808620813],[-71.818837617092512,44.352936978916446],[-71.778612828223714,44.399797113365501],[-71.69091966292217,44.421232183555517],[-71.579973578059352,44.501776336356812],[-71.588075820942805,44.547848386000581],[-71.54492171491377,44.57927641264186],[-71.551721977013401,44.627596468324398],[-71.626909752782169,44.747222569164606],[-71.494403851770016,44.911835616452557],[-71.531606008332403,44.976021543343727],[-71.501084779584957,45.013374408259942],[-71.498396417611644,45.069626716465052],[-71.448675582591008,45.10899872599002],[-71.405633498477357,45.198136354597274],[-71.438543425258914,45.239001699356749],[-71.283681448950162,45.301975439314724],[-71.182584275812857,45.241067510580088],[-71.139427137145276,45.242956513732466],[-71.083921027013204,45.305449456564332],[-70.954752650176275,43.509800507652919],[-70.984332878143661,43.37612681103672],[-70.813117116970545,43.217251181546203],[-70.828098208221959,43.129085241768664],[-70.703816324523757,43.05982436176177],[-70.817294484529583,42.872289216761622],[-70.930797466279813,42.884588250322132],[-71.031199585068592,42.859088286182832],[-71.064199786657881,42.806288425837238],[-71.149702073963525,42.815488457335569],[-71.186103292653598,42.790688624370418],[-71.181802468013984,42.737589838423659],[-71.255604740006163,42.736388949815058],[-71.294204704317593,42.696989710519716],[-72.458518364311487,42.726853082448812],[-72.53959970840711,42.804831929691495],[-72.556112015136875,42.866251595576898]]]}},
{"type":"Feature","properties":{"STATEFP":"04","STATENS":"01779777","AFFGEOID":"0400000US04","GEOID":"04","STUSPS":"AZ","NAME":"Arizona","LSAD":"00","ALAND":294198551143,"AWATER":1027337603},"geometry":{"type":"Polygon","coordinates":[[[-114.813613,32.494277],[-114.809390553537725,32.617115084543904],[-114.705714766458883,32.741577618110377],[-114.570672781219272,32.747414381776544],[-114.468969059554993,32.845153315287646],[-114.463125210836836,32.901882540397217],[-114.511341418698962,33.023453782262962],[-114.670802112453174,33.037981692900487],[-114.706173886936725,33.105332742357383],[-114.679357486810432,33.159517234768302],[-114.674489005224132,33.255595767637224],[-114.723257241339724,33.288077517247878],[-114.707346581310929,33.37662725851748],[-114.725280726924296,33.405047342685961],[-114.635181673190402,33.422725968656671],[-114.597281935518666,33.490653440907906],[-114.524597833024856,33.552231595197057],[-114.525199692705101,33.66158330733132],[-114.496563625739512,33.719155183174578],[-114.520463495953891,33.827778196751808],[-114.508706428049081,33.900640343503724],[-114.53498536774498,33.928499298858902],[-114.454805348775366,34.010968439455098],[-114.405939420515807,34.111540181226587],[-114.229713418897532,34.186928004754115],[-114.139053123901974,34.259537890573895],[-114.140927882283222,34.305918877242469],[-114.172842710894543,34.344978911335332],[-114.33536934712852,34.450037837852449],[-114.378849523196592,34.450375729799561],[-114.378220325630181,34.516520617739779],[-114.465244065820215,34.691200680972848],[-114.634380214011472,34.872887603918926],[-114.61990552654062,35.12163019009067],[-114.57274761090396,35.138723441775575],[-114.627139066826814,35.409503841727201],[-114.664502292035479,35.449497061045093],[-114.653408761841604,35.610790109202036],[-114.689410024229062,35.651413324756348],[-114.703713290993264,35.814587211499919],[-114.669690087157136,35.865086423337644],[-114.731162114331582,35.943918792192385],[-114.743345229756073,36.070538548903578],[-114.736168299116741,36.104370759099972],[-114.627858030847108,36.14101545175685],[-114.511723655518196,36.150958851097968],[-114.448656356688304,36.126412593436051],[-114.372108083860539,36.143116265376683],[-114.270646327227226,36.035721978442076],[-114.151726005411732,36.024564921995271],[-114.046838671438138,36.194070886258324],[-114.050600027500593,37.000396765023645],[-109.045222022949105,36.999085167138624],[-109.050048127427388,31.332501237912357],[-111.074825827640268,31.332242367553814],[-114.813613,32.494277]]]}},
{"type":"Feature","properties":{"STATEFP":"44","STATENS":"01219835","AFFGEOID":"0400000US44","GEOID":"44","STUSPS":"RI","NAME":"Rhode Island","LSAD":"00","ALAND":2677779902,"AWATER":1323670487},"geometry":{"type":"MultiPolygon","coordinates":[[[[-71.63147156895576,41.166678091383879],[-71.593342096605753,41.237427757238379],[-71.545410311407636,41.242729499559879],[-71.519209926076442,41.149623600126063],[-71.63147156895576,41.166678091383879]]],[[[-71.860512384268091,41.320248377521295],[-71.835950578189824,41.353935466480529],[-71.839648762991956,41.412119521185382],[-71.797682890071002,41.416709615341311],[-71.799242765988424,42.008064980739192],[-71.381401810691145,42.018799009752513],[-71.381700626436427,41.893199876212101],[-71.339298698424059,41.89339987422494],[-71.329396518918784,41.782600644399814],[-71.261392548509619,41.752301581643714],[-71.195640546975653,41.675090592784791],[-71.132888441708772,41.660102602746569],[-71.120570428186014,41.497448415257878],[-71.193020611937271,41.457931361151687],[-71.2856397520206,41.487805500922896],[-71.312694674656328,41.451402347852408],[-71.428652491771743,41.454158304724551],[-71.483295453634298,41.371721873175737],[-71.860512384268091,41.320248377521295]]]]}}
]
}
